"Name","playerid","Team","Pos","PA","IP","Primary WAR","Total WAR"
"Buster Posey","9166","Giants","C","610","","10.1480674743652","10.1"
"Mike Trout","10155","Angels","CF/LF","639","","10.0740280151367","10.1"
"Yadier Molina","7007","Cardinals","C","563","","7.67887592315674","7.7"
"Robinson Cano","3269","Yankees","2B","697","","7.34316921234131","7.3"
"Andrew McCutchen","9847","Pirates","CF","673","","7.33386945724487","7.3"
"Miguel Cabrera","1744","Tigers","3B","697","","7.29977178573608","7.3"
"Chase Headley","4720","Padres","3B","699","","7.17434597015381","7.2"
"Justin Verlander","8700","Tigers","P","","238.1","6.92375659942627","6.8"
"Ryan Braun","3410","Brewers","LF","677","","6.77422285079956","6.8"
"Felix Hernandez","4772","Mariners","P","","232.0","6.59472942352295","6.7"
"David Wright","3787","Mets","3B","670","","6.58432006835938","6.6"
"Clayton Kershaw","2036","Dodgers","P","","227.2","6.06606101989746","6.4"
"Adrian Beltre","639","Rangers","3B","654","","6.34161043167114","6.3"
"Jonathan Lucroy","7870","Brewers","C","346","","6.01268100738525","6.0"
"Ben Zobrist","7435","Rays","2B/SS/RF","668","","5.71438264846802","5.7"
"Miguel Montero","3364","Diamondbacks","C","573","","5.62682676315308","5.6"
"Aramis Ramirez","1002","Brewers","3B","630","","5.41609477996826","5.4"
"Joey Votto","4314","Reds","1B","475","","5.33510112762451","5.3"
"Michael Bourn","6387","Braves","CF","703","","5.32342576980591","5.3"
"Jason Heyward","4940","Braves","RF","651","","5.25341129302979","5.3"
"Cole Hamels","4972","Phillies","P","","215.1","4.59527587890625","5.2"
"Austin Jackson","9848","Tigers","CF","617","","5.10484027862549","5.1"
"Zack Greinke","1943","- - -","P","","212.1","4.79538714885712","5.1"
"Giancarlo Stanton","4949","Marlins","RF","501","","5.04470729827881","5.0"
"Prince Fielder","4613","Tigers","1B","690","","5.03796577453613","5.0"
"Cliff Lee","1636","Phillies","P","","211.0","4.96059799194336","5.0"
"Aaron Hill","6104","Diamondbacks","2B","668","","5.01232051849365","5.0"
"Alex Gordon","5209","Royals","LF","721","","4.96117496490479","5.0"
"Josh Hamilton","1875","Rangers","CF/LF","636","","4.85880279541016","4.9"
"Stephen Strasburg","10131","Nationals","P","","159.1","3.97868394851685","4.8"
"Gio Gonzalez","7448","Nationals","P","","199.1","5.01337671279907","4.8"
"Yu Darvish","13074","Rangers","P","","191.1","4.71202182769775","4.7"
"Torii Hunter","731","Angels","RF","584","","4.72862815856934","4.7"
"R.A. Dickey","1245","Mets","P","","233.2","4.71307706832886","4.7"
"Carlos Ruiz","2579","Phillies","C","421","","4.6768364906311","4.7"
"Jimmy Rollins","971","Phillies","SS","699","","4.65938282012939","4.7"
"Chris Sale","10603","White Sox","P","","192.0","4.68635082244873","4.6"
"Matt Holliday","1873","Cardinals","LF","688","","4.60993003845215","4.6"
"Angel Pagan","2918","Giants","CF","659","","4.59486484527588","4.6"
"Joe Mauer","1857","Twins","C/DH","641","","4.58776044845581","4.6"
"Edwin Encarnacion","2151","Blue Jays","1B/DH","644","","4.56406307220459","4.6"
"Martin Prado","3312","Braves","LF","690","","4.53395366668701","4.5"
"Melky Cabrera","4022","Giants","LF","501","","4.50290155410767","4.5"
"Max Scherzer","3137","Tigers","P","","187.2","4.51973342895508","4.5"
"Matt Wieters","4298","Orioles","C","593","","4.45471572875977","4.5"
"Adam Jones","6368","Orioles","CF","697","","4.44714736938477","4.4"
"Bryce Harper","11579","Nationals","RF/CF","597","","4.36337900161743","4.4"
"David Price","3184","Rays","P","","211.0","4.33924436569214","4.3"
"Dustin Pedroia","8370","Red Sox","2B","623","","4.32459259033203","4.3"
"Brian McCann","4810","Braves","C","487","","4.22122573852539","4.2"
"Ian Desmond","6885","Nationals","SS","547","","4.2126636505127","4.2"
"Jake Peavy","1051","White Sox","P","","219.0","4.27157115936279","4.2"
"Ryan Hanigan","4952","Reds","C","371","","4.15880870819092","4.2"
"Wade Miley","8779","Diamondbacks","P","","194.2","3.94845700263977","4.1"
"CC Sabathia","404","Yankees","P","","200.0","4.11886978149414","4.1"
"Curtis Granderson","4747","Yankees","CF","684","","4.0216178894043","4.0"
"Ryan Zimmerman","4220","Nationals","3B","641","","4.02068042755127","4.0"
"Yoenis Cespedes","13110","Athletics","CF/LF","540","","4.01727914810181","4.0"
"Alex Rios","2090","White Sox","RF","640","","4.00148344039917","4.0"
"Adam Wainwright","2233","Cardinals","P","","198.2","3.89184904098511","4.0"
"Johnny Cueto","6893","Reds","P","","217.0","4.31894254684448","3.8"
"Jordan Zimmermann","4505","Nationals","P","","195.2","3.35573077201843","3.8"
"Matt Kemp","5631","Dodgers","CF","449","","3.8000340461731","3.8"
"Russell Martin","4616","Yankees","C","485","","3.78953123092651","3.8"
"Jose Reyes","1736","Marlins","SS","716","","3.78506994247437","3.8"
"James Shields","7059","Rays","P","","227.2","3.76397299766541","3.8"
"Kyle Seager","9785","Mariners","3B","651","","3.76243662834167","3.8"
"Yasmani Grandal","11368","Padres","C","226","","3.76161551475525","3.8"
"David Freese","9549","Cardinals","3B","567","","3.74165534973145","3.7"
"Elvis Andrus","8709","Rangers","SS","711","","3.7117612361908","3.7"
"Josh Willingham","2103","Twins","LF","615","","3.7055344581604","3.7"
"Josh Reddick","3892","Athletics","RF","673","","3.65885663032532","3.7"
"Nick Swisher","4599","Yankees","1B/RF","624","","3.63703608512878","3.6"
"Jarrod Parker","4913","Athletics","P","","181.1","3.68585562705994","3.6"
"Matt Cain","4732","Giants","P","","219.1","3.21594977378845","3.6"
"Jose Molina","25","Rays","C","274","","3.55113410949707","3.6"
"Doug Fister","9425","Tigers","P","","161.2","3.51142764091492","3.5"
"Erick Aybar","4082","Angels","SS","554","","3.45963454246521","3.5"
"Anibal Sanchez","3284","- - -","P","","195.2","3.49559223651886","3.4"
"Matt Harrison","5551","Rangers","P","","213.1","3.52196955680847","3.4"
"Jason Kipnis","9776","Indians","2B","672","","3.42549896240234","3.4"
"Adam LaRoche","1904","Nationals","1B","647","","3.3869321346283","3.4"
"Melvin Upton Jr.","5015","Rays","CF","633","","3.37428116798401","3.4"
"David Murphy","6035","Rangers","LF","521","","3.3646194934845","3.4"
"Carlos Beltran","589","Cardinals","RF","619","","3.35697340965271","3.4"
"Hiroki Kuroda","3283","Yankees","P","","219.2","3.38117647171021","3.4"
"Albert Pujols","1177","Angels","1B","670","","3.31642937660217","3.3"
"Brandon Phillips","791","Reds","2B","623","","3.30253148078918","3.3"
"Derek Jeter","826","Yankees","SS","740","","3.29143142700195","3.3"
"Kris Medlen","9417","Braves","P","","138.0","3.1916778087616","3.3"
"A.J. Pierzynski","746","White Sox","C","520","","3.28211903572083","3.3"
"Dan Uggla","3442","Braves","2B","630","","3.26138520240784","3.3"
"Desmond Jennings","1965","Rays","LF","563","","3.21049642562866","3.2"
"Shin-Soo Choo","3174","Indians","RF","686","","3.21043825149536","3.2"
"Denard Span","8347","Twins","CF","568","","3.20651698112488","3.2"
"Mike Moustakas","4892","Royals","3B","614","","3.19440841674805","3.2"
"Jaime Garcia","8137","Cardinals","P","","121.2","2.6280677318573","3.2"
"Alfonso Soriano","847","Cubs","LF","615","","3.18164014816284","3.2"
"Aroldis Chapman","10233","Reds","P","","71.2","3.17361998558044","3.2"
"Jered Weaver","4235","Angels","P","","188.2","3.05377006530762","3.2"
"Mat Latos","3815","Reds","P","","209.1","2.75154733657837","3.1"
"Starlin Castro","4579","Cubs","SS","691","","3.13784551620483","3.1"
"Jose Bautista","1887","Blue Jays","RF","399","","3.13206267356873","3.1"
"A.J. Burnett","512","Pirates","P","","202.1","3.50223159790039","3.1"
"David Ortiz","745","Red Sox","DH","383","","3.12012362480164","3.1"
"Josh Johnson","4567","Marlins","P","","191.1","3.34300851821899","3.1"
"Craig Kimbrel","6655","Braves","P","","62.2","3.09934282302856","3.1"
"Tommy Milone","7608","Athletics","P","","190.0","3.07778596878052","3.1"
"Jon Niese","4424","Mets","P","","190.1","2.52802801132202","3.1"
"Adrian Gonzalez","1908","- - -","1B","684","","3.04947078227997","3.0"
"Kyle Lohse","739","Cardinals","P","","211.0","3.34376263618469","3.0"
"Chad Billingsley","5842","Dodgers","P","","149.2","2.91400957107544","3.0"
"Dexter Fowler","4062","Rockies","CF","530","","2.99356913566589","3.0"
"Alberto Callaspo","3336","Angels","3B","520","","2.98989629745483","3.0"
"Andre Ethier","6265","Dodgers","RF","618","","2.97927188873291","3.0"
"Madison Bumgarner","5524","Giants","P","","208.1","2.65314936637878","3.0"
"Rick Porcello","2717","Tigers","P","","176.1","2.98062705993652","2.9"
"Ian Kinsler","6195","Rangers","2B","731","","2.92552542686462","2.9"
"Hanley Ramirez","8001","- - -","3B/SS","667","","2.88685035705566","2.9"
"Alex Avila","7476","Tigers","C","434","","2.8810555934906","2.9"
"Jarrod Saltalamacchia","5557","Red Sox","C","448","","2.87717604637146","2.9"
"Jon Jay","5227","Cardinals","CF","502","","2.86506295204163","2.9"
"Mark Trumbo","6876","Angels","LF","586","","2.84061551094055","2.8"
"Marco Estrada","1118","Brewers","P","","138.1","2.8788731098175","2.8"
"Justin Masterson","2038","Indians","P","","206.1","2.80700874328613","2.8"
"Paul Goldschmidt","9218","Diamondbacks","1B","587","","2.75645232200623","2.8"
"Jeff Keppinger","3856","Rays","3B","418","","2.71135306358337","2.7"
"Carlos Gonzalez","7287","Rockies","LF","579","","2.70351624488831","2.7"
"Cody Ross","1760","Red Sox","RF","528","","2.67030668258667","2.7"
"Billy Butler","7399","Royals","DH","679","","2.65793752670288","2.7"
"Lucas Harrell","7541","Astros","P","","193.2","2.70414805412292","2.7"
"Mark Teixeira","1281","Yankees","1B","524","","2.65625715255737","2.7"
"Danny Espinosa","9219","Nationals","2B","658","","2.6417453289032","2.6"
"Shane Victorino","1677","- - -","CF/LF","666","","2.63025265932083","2.6"
"Ryan Ludwick","1260","Reds","LF","472","","2.6300311088562","2.6"
"C.J. Wilson","3580","Angels","P","","202.1","2.61566829681396","2.6"
"Ryan Dempster","517","- - -","P","","173.0","2.74336332082748","2.6"
"Ricky Nolasco","3830","Marlins","P","","191.0","2.32829332351685","2.6"
"Chase Utley","1679","Phillies","2B","362","","2.5966010093689","2.6"
"Chris Capuano","1701","Dodgers","P","","198.1","2.8354024887085","2.6"
"Michael Brantley","4106","Indians","CF","609","","2.58012700080872","2.6"
"Alcides Escobar","6310","Royals","SS","648","","2.57099676132202","2.6"
"Jeff Samardzija","3254","Cubs","P","","174.2","2.68312668800354","2.6"
"Carlos Gomez","4881","Brewers","CF","452","","2.55569624900818","2.6"
"Chipper Jones","97","Braves","3B","448","","2.55461549758911","2.6"
"Kevin Millwood","106","Mariners","P","","161.0","2.61037397384644","2.6"
"Justin Upton","5222","Diamondbacks","RF","628","","2.54639720916748","2.5"
"Bartolo Colon","375","Athletics","P","","152.1","2.58899736404419","2.5"
"Alejandro De Aza","3371","White Sox","CF","585","","2.53079199790955","2.5"
"David Ross","1551","Braves","C","196","","2.52851152420044","2.5"
"Ian Kennedy","6986","Diamondbacks","P","","208.1","2.35058355331421","2.5"
"Roy Halladay","1303","Phillies","P","","156.1","2.53961658477783","2.5"
"Mike Fiers","7754","Brewers","P","","127.2","2.7545063495636","2.5"
"Jason Hammel","4538","Orioles","P","","118.0","2.60339117050171","2.5"
"Coco Crisp","1572","Athletics","CF","508","","2.51288175582886","2.5"
"Edwin Jackson","1841","Nationals","P","","189.2","2.11720085144043","2.5"
"Justin Ruggiano","7620","Marlins","CF/LF","320","","2.50835132598877","2.5"
"Craig Gentry","9571","Rangers","CF","269","","2.51150298118591","2.5"
"Pedro Alvarez","2495","Pirates","3B","586","","2.50038146972656","2.5"
"Asdrubal Cabrera","4962","Indians","SS","616","","2.49578404426575","2.5"
"Alex Rodriguez","1274","Yankees","3B/DH","529","","2.48701930046082","2.5"
"Todd Frazier","785","Reds","1B/3B","465","","2.48559999465942","2.5"
"A.J. Ellis","5677","Dodgers","C","505","","2.47422909736633","2.5"
"Jed Lowrie","4418","Astros","SS","387","","2.43979716300964","2.4"
"Nori Aoki","13075","Brewers","RF","588","","2.43045139312744","2.4"
"Brandon Morrow","9346","Blue Jays","P","","124.2","2.42612099647522","2.4"
"Marco Scutaro","1555","- - -","2B","683","","2.42215695977211","2.4"
"Michael Saunders","9981","Mariners","CF","553","","2.4166145324707","2.4"
"Pablo Sandoval","5409","Giants","3B","442","","2.41395258903503","2.4"
"Wandy Rodriguez","2586","- - -","P","","205.2","2.7921821475029","2.4"
"Neil Walker","7539","Pirates","2B","530","","2.40005731582642","2.4"
"Jay Bruce","9892","Reds","RF","633","","2.39471316337585","2.4"
"J.J. Hardy","3797","Orioles","SS","713","","2.38412809371948","2.4"
"Brandon Moss","4467","Athletics","1B","296","","2.38147044181824","2.4"
"Scott Diamond","5089","Twins","P","","173.0","2.39435935020447","2.4"
"Matt Moore","1890","Rays","P","","177.1","2.43460607528687","2.4"
"Omar Infante","1609","- - -","2B","588","","2.35590758919716","2.4"
"Howie Kendrick","4229","Angels","2B","594","","2.34459042549133","2.3"
"Jon Lester","4930","Red Sox","P","","205.1","2.41489338874817","2.3"
"Will Venable","211","Padres","RF","470","","2.31535625457764","2.3"
"Scott Feldman","6283","Rangers","P","","123.2","2.27917075157166","2.3"
"Allen Craig","3433","Cardinals","1B","514","","2.29170036315918","2.3"
"Jonny Gomes","1845","Athletics","LF/DH","333","","2.28990721702576","2.3"
"Joe Blanton","4849","- - -","P","","191.0","2.52211880683899","2.3"
"Bronson Arroyo","978","Reds","P","","202.0","2.24686002731323","2.3"
"Greg Holland","7196","Royals","P","","67.0","2.25810742378235","2.3"
"Mark Ellis","1443","Dodgers","2B","464","","2.25455689430237","2.3"
"Colby Lewis","1259","Rangers","P","","105.0","2.15768694877625","2.3"
"Martin Maldonado","6887","Brewers","C","256","","2.24082684516907","2.2"
"Lance Lynn","2520","Cardinals","P","","176.0","2.61910367012024","2.2"
"Ichiro Suzuki","1101","- - -","RF","663","","2.22620189189911","2.2"
"Homer Bailey","8362","Reds","P","","208.0","2.47289776802063","2.2"
"Carlos Quentin","6274","Padres","LF","340","","2.21296548843384","2.2"
"Luis Cruz","3188","Dodgers","3B/SS","296","","2.20695114135742","2.2"
"Wei-Yin Chen","13071","Orioles","P","","192.2","2.2442262172699","2.2"
"Mike Leake","10130","Reds","P","","179.0","1.21191322803497","2.2"
"Corey Hart","1945","Brewers","1B/RF","622","","2.18317818641663","2.2"
"Yovani Gallardo","8173","Brewers","P","","204.0","2.02610468864441","2.2"
"Fernando Rodney","494","Rays","P","","74.2","2.16883492469788","2.2"
"Tyler Colvin","5310","Rockies","RF/CF","452","","2.15177941322327","2.2"
"Trevor Cahill","6249","Diamondbacks","P","","200.0","2.40778732299805","2.1"
"Ben Revere","4712","Twins","RF/CF","553","","2.13132405281067","2.1"
"Dustin Ackley","10099","Mariners","2B","668","","2.11794710159302","2.1"
"Paul Konerko","242","White Sox","1B/DH","598","","2.10683822631836","2.1"
"Adam Dunn","319","White Sox","1B/DH","649","","2.09493112564087","2.1"
"Erik Kratz","4403","Phillies","C","157","","2.09455823898315","2.1"
"Kenley Jansen","3096","Dodgers","P","","65.0","2.09408807754517","2.1"
"David Hernandez","4259","Diamondbacks","P","","68.1","1.99710595607758","2.1"
"John Jaso","5887","Mariners","C/DH","361","","2.04662346839905","2.0"
"Tim Hudson","921","Braves","P","","179.0","1.60452520847321","2.0"
"Jake Westbrook","412","Cardinals","P","","174.2","1.96840441226959","2.0"
"James McDonald","5523","Pirates","P","","171.0","1.7284322977066","2.0"
"Nick Markakis","5930","Orioles","RF","471","","2.01303458213806","2.0"
"Evan Longoria","9368","Rays","3B/DH","312","","2.01245379447937","2.0"
"Jhonny Peralta","1738","Tigers","SS","585","","1.9918624162674","2.0"
"Alexei Ramirez","5133","White Sox","SS","621","","1.98919916152954","2.0"
"Phil Hughes","7450","Yankees","P","","191.1","2.01057553291321","2.0"
"Will Middlebrooks","7002","Red Sox","3B","286","","1.98320603370667","2.0"
"Chris Denorfia","4400","Padres","RF/LF","382","","1.94434785842896","1.9"
"Jose Altuve","5417","Astros","2B","630","","1.94235515594482","1.9"
"Matt Joyce","3353","Rays","RF/LF","462","","1.93704080581665","1.9"
"Brett Lawrie","5247","Blue Jays","3B","536","","1.93437600135803","1.9"
"Joe Saunders","4366","- - -","P","","174.2","2.05732846260071","1.9"
"Jake McGee","7550","Rays","P","","55.1","1.8994288444519","1.9"
"Justin Maxwell","6827","Astros","CF/LF","352","","1.89606583118439","1.9"
"Zack Cozart","2616","Reds","SS","600","","1.89165914058685","1.9"
"Brandon McCarthy","4662","Athletics","P","","111.0","1.88894963264465","1.9"
"Chris Davis","9272","Orioles","1B/DH","562","","1.80341279506683","1.9"
"Darwin Barney","2430","Cubs","2B","588","","1.86210918426514","1.9"
"Brandon Crawford","5343","Giants","SS","476","","1.85748255252838","1.9"
"Ryan Vogelsong","1011","Giants","P","","189.2","1.92290687561035","1.9"
"Gavin Floyd","3886","White Sox","P","","168.0","1.86324727535248","1.9"
"Hunter Pence","8252","- - -","RF","688","","1.84327548742294","1.8"
"Andrelton Simmons","10847","Braves","SS","182","","1.84170532226563","1.8"
"Tyler Flowers","9134","White Sox","C","153","","1.84057569503784","1.8"
"Cameron Maybin","5223","Padres","CF","561","","1.8390154838562","1.8"
"Kevin Youkilis","1935","- - -","3B","509","","1.83855821192265","1.8"
"Andy Dirks","6453","Tigers","RF/LF","344","","1.83735382556915","1.8"
"Kelvin Herrera","6033","Royals","P","","84.1","1.83350956439972","1.8"
"Alex Cobb","6562","Rays","P","","136.1","1.83222603797913","1.8"
"Chris Young","3882","Diamondbacks","CF","363","","1.83162760734558","1.8"
"David DeJesus","1825","Cubs","RF/CF","582","","1.83125877380371","1.8"
"Josh Beckett","510","- - -","P","","170.1","2.02259010076523","1.8"
"Gregor Blanco","3123","Giants","RF/LF","453","","1.81466507911682","1.8"
"Chris Stewart","3878","Yankees","C","157","","1.80253005027771","1.8"
"Aaron Harang","1451","Dodgers","P","","179.2","2.18592524528503","1.8"
"Brandon Belt","10264","Giants","1B","472","","1.77521932125092","1.8"
"Tom Wilhelmsen","9975","Mariners","P","","79.1","1.76663327217102","1.8"
"Drew Smyly","11760","Tigers","P","","99.1","1.77281868457794","1.8"
"J.A. Happ","7410","- - -","P","","144.2","1.81259697675705","1.8"
"Matt Belisle","1837","Rockies","P","","80.0","1.79628276824951","1.8"
"Dillon Gee","7396","Mets","P","","109.2","1.60490918159485","1.7"
"Jeff Mathis","3448","Blue Jays","C","227","","1.74227964878082","1.7"
"Joe Nathan","1122","Rangers","P","","64.1","1.71153271198273","1.7"
"Zach McAllister","2895","Indians","P","","125.1","1.69939517974854","1.7"
"Freddie Freeman","5361","Braves","1B","620","","1.69767999649048","1.7"
"Ruben Tejada","5519","Mets","SS","501","","1.69116699695587","1.7"
"Dan Haren","1757","Angels","P","","176.2","1.76521742343903","1.7"
"Jason Vargas","8044","Mariners","P","","217.1","1.53708350658417","1.7"
"Bruce Chen","769","Royals","P","","191.2","1.64955353736877","1.7"
"Vance Worley","6435","Phillies","P","","133.0","1.90742194652557","1.6"
"Grant Balfour","718","Athletics","P","","74.2","1.65486514568329","1.6"
"Matt Harvey","11713","Mets","P","","59.1","1.30519366264343","1.6"
"Luis Mendoza","3126","Royals","P","","166.0","1.65711355209351","1.6"
"Everth Cabrera","8155","Padres","SS","449","","1.62460577487946","1.6"
"Jeff Karstens","5879","Pirates","P","","90.2","1.75031781196594","1.6"
"Jose Quintana","11423","White Sox","P","","136.1","1.60970687866211","1.6"
"Scott Hairston","1926","Mets","RF/LF","398","","1.61167657375336","1.6"
"Daniel Murphy","4316","Mets","2B","612","","1.61047506332397","1.6"
"Garrett Jones","2714","Pirates","1B/RF","515","","1.60792374610901","1.6"
"Sean Doolittle","1581","Athletics","P","","47.1","1.60652589797974","1.6"
"Juan Pierre","443","Phillies","LF","439","","1.60268044471741","1.6"
"Jake Arrieta","4153","Orioles","P","","114.2","1.58570110797882","1.6"
"Eric Chavez","906","Yankees","3B","313","","1.58469200134277","1.6"
"Anthony Rizzo","3473","Cubs","1B","368","","1.57724273204803","1.6"
"Jamey Carroll","1591","Twins","2B/3B/SS","537","","1.57501304149628","1.6"
"Sean Marshall","5905","Reds","P","","61.0","1.57279634475708","1.6"
"Ryan Cook","8855","Athletics","P","","73.1","1.55850350856781","1.6"
"Octavio Dotel","555","Tigers","P","","58.0","1.54972672462463","1.5"
"Rickie Weeks Jr.","1849","Brewers","2B","677","","1.54825806617737","1.5"
"Kendrys Morales","8610","Angels","DH","522","","1.53841543197632","1.5"
"David Robertson","8241","Yankees","P","","60.2","1.52858603000641","1.5"
"Seth Smith","7331","Athletics","LF/DH","441","","1.52397334575653","1.5"
"Jason Kubel","2161","Diamondbacks","LF","571","","1.52130198478699","1.5"
"Bobby Wilson","6564","Angels","C","201","","1.51770925521851","1.5"
"Mike Aviles","5986","Red Sox","SS","546","","1.51369750499725","1.5"
"Matt Carpenter","8090","Cardinals","1B/3B","340","","1.51050364971161","1.5"
"Gerardo Parra","8553","Diamondbacks","CF/LF","430","","1.50560367107391","1.5"
"Roger Bernadina","6421","Nationals","CF/LF","261","","1.50145864486694","1.5"
"Eric Stults","8011","- - -","P","","99.0","1.180688329041","1.5"
"Derek Holland","4141","Rangers","P","","175.1","1.50758242607117","1.5"
"Andy Pettitte","840","Yankees","P","","75.1","1.44213557243347","1.5"
"Chris Carter","9911","Athletics","1B","260","","1.46475887298584","1.5"
"Andres Torres","1488","Mets","CF","434","","1.46067881584167","1.5"
"Bud Norris","9492","Astros","P","","168.1","1.69824576377869","1.5"
"Jarrod Dyson","4866","Royals","CF","330","","1.45384049415588","1.5"
"Eric Young Jr.","7158","Rockies","RF/CF","196","","1.45169675350189","1.5"
"Francisco Liriano","3201","- - -","P","","156.2","1.47999238967896","1.4"
"Darren O'Day","3321","Orioles","P","","67.0","1.43608689308167","1.4"
"Luke Hochevar","6943","Royals","P","","185.1","1.42250323295593","1.4"
"J.J. Putz","1795","Diamondbacks","P","","54.1","1.43293857574463","1.4"
"Brian Duensing","4064","Twins","P","","109.0","1.44240200519562","1.4"
"A.J. Griffin","11132","Athletics","P","","82.1","1.4237095117569","1.4"
"Vinnie Pestano","4782","Indians","P","","70.0","1.42040908336639","1.4"
"Logan Forsythe","7185","Padres","2B","350","","1.41474294662476","1.4"
"Jeff Francis","4684","Rockies","P","","113.0","1.67255139350891","1.4"
"Jonathan Papelbon","5975","Phillies","P","","70.0","1.40042293071747","1.4"
"Kyle Kendrick","6230","Phillies","P","","159.1","1.2642548084259","1.4"
"Paul Maholm","8678","- - -","P","","189.0","1.71978133916855","1.4"
"Chris Johnson","1191","- - -","3B","528","","1.37075942754745","1.4"
"Brendan Ryan","6073","Mariners","SS","470","","1.37045478820801","1.4"
"Jayson Werth","1327","Nationals","RF","344","","1.36955404281616","1.4"
"Derek Lowe","199","- - -","P","","142.2","1.26142798364162","1.4"
"Lorenzo Cain","9077","Royals","CF","244","","1.35779178142548","1.4"
"Rafael Betancourt","177","Rockies","P","","57.2","1.33202314376831","1.3"
"Troy Tulowitzki","3531","Rockies","SS","203","","1.32143330574036","1.3"
"Yunel Escobar","4191","Blue Jays","SS","608","","1.31778466701508","1.3"
"Wilton Lopez","4227","Astros","P","","66.1","1.30483245849609","1.3"
"Peter Bourjos","2578","Angels","CF","195","","1.30333590507507","1.3"
"Johan Santana","755","Mets","P","","117.0","1.53606796264648","1.3"
"Jason Grilli","521","Pirates","P","","58.2","1.29811203479767","1.3"
"Erik Bedard","126","Pirates","P","","125.2","1.38944399356842","1.3"
"Drew Stubbs","9328","Reds","CF","544","","1.28449559211731","1.3"
"Kevin Frandsen","7528","Phillies","3B","210","","1.28217506408691","1.3"
"Brandon Beachy","8851","Braves","P","","81.0","1.09572565555573","1.3"
"Manny Machado","11493","Orioles","3B","202","","1.25387334823608","1.3"
"Donovan Solano","8623","Marlins","2B","316","","1.2472517490387","1.2"
"Jeremy Hefner","1989","Mets","P","","93.2","1.23110473155975","1.2"
"Jim Johnson","3656","Orioles","P","","68.2","1.23236739635468","1.2"
"Daniel Nava","5450","Red Sox","LF","317","","1.23043024539948","1.2"
"Chris Tillman","5279","Orioles","P","","86.0","1.22729027271271","1.2"
"Matt Thornton","1918","White Sox","P","","65.0","1.22411346435547","1.2"
"Shaun Marcum","6204","Brewers","P","","124.0","1.22909569740295","1.2"
"Tyler Clippard","5640","Nationals","P","","72.2","1.18139922618866","1.2"
"Josh Donaldson","5038","Athletics","3B","294","","1.17342782020569","1.2"
"Colby Rasmus","9893","Blue Jays","CF","625","","1.17163991928101","1.2"
"Felix Doubront","1478","Red Sox","P","","161.0","1.19461297988892","1.2"
"Edinson Volquez","3990","Padres","P","","182.2","1.46627581119537","1.1"
"Darin Mastroianni","7316","Twins","RF/LF","186","","1.14415574073792","1.1"
"Ross Detwiler","2859","Nationals","P","","164.1","1.55190169811249","1.1"
"Jonathan Broxton","4759","- - -","P","","58.0","1.13914650678635","1.1"
"Yonder Alonso","2530","Padres","1B","619","","1.1306916475296","1.1"
"Chris Perez","5213","Indians","P","","57.2","1.12346601486206","1.1"
"Aaron Crow","10149","Royals","P","","64.2","1.12271702289581","1.1"
"Huston Street","8258","Padres","P","","39.0","1.12223839759827","1.1"
"Drew Pomeranz","11426","Rockies","P","","96.2","0.819122314453125","1.1"
"Ivan Nova","1994","Yankees","P","","170.1","1.1381254196167","1.1"
"Nelson Cruz","2434","Rangers","RF","642","","1.11801707744598","1.1"
"Junichi Tazawa","4079","Red Sox","P","","44.0","1.11680543422699","1.1"
"Chris Young","3196","Mets","P","","115.0","1.08728682994843","1.1"
"Glen Perkins","8041","Twins","P","","70.1","1.11409819126129","1.1"
"Casey Janssen","7355","Blue Jays","P","","63.2","1.09545934200287","1.1"
"Miguel Gonzalez","7024","Orioles","P","","105.1","1.09428215026855","1.1"
"Geovany Soto","3707","- - -","C","361","","1.08874557167292","1.1"
"Darren Oliver","206","Blue Jays","P","","56.2","1.08726334571838","1.1"
"Erasmo Ramirez","10314","Mariners","P","","59.0","1.11313962936401","1.1"
"Esmil Rogers","6317","- - -","P","","78.2","1.0421095341444","1.1"
"Travis Blackley","3234","- - -","P","","107.2","1.09780909959227","1.1"
"Cody Ransom","1126","- - -","3B/SS","282","","1.07211032509804","1.1"
"Luis Valbuena","4969","Cubs","3B","303","","1.07115113735199","1.1"
"Rafael Soriano","1100","Yankees","P","","67.2","1.07102632522583","1.1"
"Pete Kozma","2539","Cardinals","SS","82","","1.05767703056335","1.1"
"Rex Brothers","9794","Rockies","P","","67.2","1.09715819358826","1.1"
"Nathan Eovaldi","9132","- - -","P","","119.1","1.19109964370728","1.0"
"Wade Davis","7441","Rays","P","","70.1","0.977446913719177","1.0"
"DeWayne Wise","1554","- - -","CF/LF","239","","1.03438314795494","1.0"
"Gordon Beckham","9015","White Sox","2B","582","","1.02599775791168","1.0"
"Kelly Shoppach","3867","- - -","C","245","","1.02379863709211","1.0"
"Mark Buehrle","225","Marlins","P","","202.1","1.6489269733429","1.0"
"Anthony Bass","7982","Padres","P","","97.0","1.0093446969986","1.0"
"Jerry Hairston","144","Dodgers","2B/3B","267","","1.01561439037323","1.0"
"Cliff Pennington","3395","Athletics","2B/SS","462","","1.01209628582001","1.0"
"Quintin Berry","9414","Tigers","LF","330","","1.00853061676025","1.0"
"Casper Wells","9700","Mariners","RF/LF","316","","1.0030814409256","1.0"
"Salvador Perez","7304","Royals","C","305","","0.988480925559998","1.0"
"Sergio Romo","9817","Giants","P","","55.1","0.980357527732849","1.0"
"Sam LeCure","4664","Reds","P","","57.1","0.936413109302521","1.0"
"Mike Baxter","4464","Mets","RF/LF","211","","0.968218803405762","1.0"
"Ike Davis","8433","Mets","1B","584","","0.965344846248627","1.0"
"Brayan Villarreal","5180","Tigers","P","","54.2","0.960441112518311","1.0"
"Brandon Inge","470","- - -","3B","331","","0.957799762487412","1.0"
"Sean Burnett","1886","Nationals","P","","56.2","0.911671936511993","1.0"
"Nate Jones","4696","White Sox","P","","71.2","0.952828228473663","1.0"
"Joel Peralta","2332","Rays","P","","67.0","0.951666414737701","1.0"
"Charlie Furbush","1370","Mariners","P","","46.1","0.951489865779877","1.0"
"Jordan Lyles","7593","Astros","P","","141.1","0.793641746044159","1.0"
"Tim Lincecum","5705","Giants","P","","186.0","0.912448167800903","0.9"
"George Kottaras","5506","- - -","C","209","","0.931094169616699","0.9"
"Josh Thole","9689","Mets","C","354","","0.929493129253387","0.9"
"Hisashi Iwakuma","13048","Mariners","P","","125.1","0.925842642784119","0.9"
"Brian Matusz","2646","Orioles","P","","98.0","0.901621341705322","0.9"
"Jose Valverde","1726","Tigers","P","","69.0","0.92442125082016","0.9"
"Patrick Corbin","9323","Diamondbacks","P","","107.0","1.01485502719879","0.9"
"Jerome Williams","1137","Angels","P","","137.2","0.863297641277313","0.9"
"Brett Anderson","8223","Athletics","P","","35.0","0.916887581348419","0.9"
"Ronald Belisario","2203","Dodgers","P","","71.0","0.916592478752136","0.9"
"Barry Zito","944","Giants","P","","184.1","0.993211925029755","0.9"
"Pedro Ciriaco","5278","Red Sox","3B","272","","0.913194477558136","0.9"
"Jason Motte","5861","Cardinals","P","","72.0","0.912348210811615","0.9"
"Brandon League","3731","- - -","P","","72.0","0.911854326725006","0.9"
"Troy Patton","8368","Orioles","P","","55.2","0.908284604549408","0.9"
"Bobby Parnell","9926","Mets","P","","68.2","0.910145223140717","0.9"
"Alexi Ogando","10261","Rangers","P","","66.0","0.84887033700943","0.9"
"Carlos Corporan","5587","Astros","C","85","","0.884078085422516","0.9"
"Ubaldo Jimenez","3374","Indians","P","","176.2","0.939211070537567","0.9"
"Blake Beavan","338","Mariners","P","","152.1","0.912999391555786","0.9"
"Juan Nicasio","7731","Rockies","P","","58.0","0.905830085277557","0.9"
"Luis Ayala","1650","Orioles","P","","75.0","0.868513762950897","0.9"
"Jared Burton","8346","Twins","P","","62.0","0.868419170379639","0.9"
"Felipe Paulino","3777","Royals","P","","37.2","0.857999265193939","0.9"
"Jesus Guzman","3118","Padres","LF","321","","0.847065329551697","0.8"
"Aaron Loup","10343","Blue Jays","P","","30.2","0.858016967773438","0.8"
"Jim Henderson","6653","Brewers","P","","30.2","0.841786205768585","0.8"
"Joe Smith","3281","Indians","P","","67.0","0.837799191474915","0.8"
"Jeff Niemann","8591","Rays","P","","38.0","0.837333917617798","0.8"
"Jacoby Ellsbury","4727","Red Sox","CF","323","","0.837078392505646","0.8"
"Jose Mijares","4140","- - -","P","","56.1","0.846618622541428","0.8"
"Koji Uehara","9227","Rangers","P","","36.0","0.834050595760345","0.8"
"Robbie Ross Jr.","6819","Rangers","P","","65.0","0.853581964969635","0.8"
"Adam Eaton","11205","Diamondbacks","CF","103","","0.819107592105865","0.8"
"Jeremy Affeldt","583","Giants","P","","63.1","0.831061244010925","0.8"
"Chris Heisey","3978","Reds","CF/LF","375","","0.816764116287231","0.8"
"Jesse Crain","4817","White Sox","P","","48.0","0.814021706581116","0.8"
"Antonio Bastardo","8844","Phillies","P","","52.0","0.813254654407501","0.8"
"Steve Cishek","6483","Marlins","P","","63.2","0.818149209022522","0.8"
"Jeremy Hellickson","4371","Rays","P","","177.0","0.827847301959991","0.8"
"Brandon Lyon","1312","- - -","P","","61.0","0.80098432302475","0.8"
"J.P. Arencibia","697","Blue Jays","C","372","","0.798717021942139","0.8"
"Corey Kluber","2429","Indians","P","","63.0","0.797249019145966","0.8"
"Addison Reed","10586","White Sox","P","","55.0","0.790540456771851","0.8"
"Tim Collins","3164","Royals","P","","69.2","0.801480352878571","0.8"
"Scott Rolen","970","Reds","3B","330","","0.781083881855011","0.8"
"Scott Atchison","2642","Red Sox","P","","51.1","0.775899112224579","0.8"
"Dayan Viciedo","3917","White Sox","LF","543","","0.772869408130646","0.8"
"Maicer Izturis","2437","Angels","2B/3B/SS","319","","0.772387981414795","0.8"
"Ernesto Frieri","5178","- - -","P","","66.0","0.770122345536947","0.8"
"Ryan Roberts","5653","- - -","2B/3B","489","","0.767230674624443","0.8"
"Welington Castillo","3256","Cubs","C","190","","0.763454437255859","0.8"
"Skip Schumaker","3704","Cardinals","2B","304","","0.759746611118317","0.8"
"Joe Kelly","9761","Cardinals","P","","107.0","0.738876521587372","0.8"
"Kevin Jepsen","6475","Angels","P","","44.2","0.741040170192719","0.7"
"Mitch Moreland","3086","Rangers","1B","357","","0.738293290138245","0.7"
"Mike Adams","1937","Rangers","P","","52.1","0.73691189289093","0.7"
"Drew Storen","6983","Nationals","P","","30.1","0.7329922914505","0.7"
"Clay Buchholz","3543","Red Sox","P","","189.1","0.770514607429504","0.7"
"Christian Friedrich","7942","Rockies","P","","84.2","0.83006227016449","0.7"
"Carl Pavano","790","Twins","P","","63.0","0.75341010093689","0.7"
"Carlos Zambrano","305","Marlins","P","","132.1","0.606847047805786","0.7"
"Dave Sappelt","6898","Cubs","RF","78","","0.72664874792099","0.7"
"Rajai Davis","3708","Blue Jays","LF","487","","0.726276576519012","0.7"
"Randall Delgado","5985","Braves","P","","92.2","0.584873020648956","0.7"
"Roy Oswalt","571","Rangers","P","","59.0","0.723021864891052","0.7"
"Craig Stammen","7274","Nationals","P","","88.1","0.819618403911591","0.7"
"Kelly Johnson","2234","Blue Jays","2B","581","","0.71686989068985","0.7"
"Wily Peralta","7738","Brewers","P","","29.0","0.751066327095032","0.7"
"Cory Luebke","1984","Padres","P","","31.0","0.854703605175018","0.7"
"Ryan Webb","7474","Marlins","P","","60.1","0.72326385974884","0.7"
"Raul Valdes","1953","Phillies","P","","31.0","0.709050059318542","0.7"
"Rafael Furcal","88","Cardinals","SS","531","","0.708913445472717","0.7"
"Will Smith","8048","Royals","P","","89.2","0.707222044467926","0.7"
"Placido Polanco","1176","Phillies","3B","328","","0.706720113754272","0.7"
"Phil Coke","5535","Tigers","P","","54.0","0.703391432762146","0.7"
"Michael Cuddyer","1534","Rockies","1B/RF","394","","0.70061469078064","0.7"
"Matt Garza","3340","Cubs","P","","103.2","0.938703417778015","0.7"
"Tony Campana","4964","Cubs","CF","192","","0.694370627403259","0.7"
"Ryan Sweeney","6352","Red Sox","RF/CF","219","","0.688721120357513","0.7"
"Jhoulys Chacin","2608","Rockies","P","","69.0","0.399082988500595","0.7"
"Dale Thayer","5032","Padres","P","","57.2","0.676518201828003","0.7"
"Travis Wood","9884","Cubs","P","","156.0","0.423885464668274","0.7"
"James Russell","4089","Cubs","P","","69.1","0.688647568225861","0.7"
"Elliot Johnson","4751","Rays","SS","331","","0.671989858150482","0.7"
"Pedro Strop","4070","Orioles","P","","66.1","0.668775975704193","0.7"
"Dan Johnson","2167","White Sox","1B/DH","31","","0.6591956615448","0.7"
"Tyler Moore","7244","Nationals","1B/LF","171","","0.656731605529785","0.7"
"Wilson Betemit","1861","Orioles","3B","376","","0.652030944824219","0.7"
"Ted Lilly","833","Dodgers","P","","48.2","0.73283714056015","0.7"
"Scott Moore","4390","Astros","1B/3B","228","","0.647980809211731","0.6"
"Tommy Layne","7501","Padres","P","","16.2","0.647216796875","0.6"
"Luke Gregerson","4090","Padres","P","","71.2","0.656371653079987","0.6"
"Nate McLouth","3190","- - -","LF","298","","0.639252305030823","0.6"
"Jeremy Horst","596","Phillies","P","","31.1","0.636303246021271","0.6"
"Luis Avilan","2882","Braves","P","","36.0","0.59935861825943","0.6"
"Joaquin Arias","3817","Giants","3B/SS","344","","0.634573638439178","0.6"
"Brad Lincoln","4241","- - -","P","","88.0","0.610952287912369","0.6"
"Oliver Perez","1514","Mariners","P","","29.2","0.626526534557343","0.6"
"Josh Collmenter","7312","Diamondbacks","P","","90.1","0.751477479934692","0.6"
"Mike Pelfrey","5203","Mets","P","","19.2","0.58530855178833","0.6"
"Carlos Villanueva","4138","Blue Jays","P","","125.1","0.57002866268158","0.6"
"Mark Reynolds","7619","Orioles","1B","538","","0.616084218025208","0.6"
"Shelby Miller","10197","Cardinals","P","","13.2","0.467638164758682","0.6"
"Kevin Correia","1767","Pirates","P","","171.0","0.902381837368011","0.6"
"Jeremy Guthrie","2072","- - -","P","","181.2","0.816920757293701","0.6"
"Trevor Plouffe","7462","Twins","3B","465","","0.60650771856308","0.6"
"Brad Ziegler","7293","Diamondbacks","P","","68.2","0.585519015789032","0.6"
"Carlos Pena","934","Rays","1B","600","","0.604587376117706","0.6"
"Chris Gimenez","7324","Rays","C","109","","0.604273080825806","0.6"
"Willie Bloomquist","1066","Diamondbacks","SS","338","","0.603912353515625","0.6"
"Mark Rogers","4083","Brewers","P","","39.0","0.483256280422211","0.6"
"Nolan Reimold","3441","Orioles","LF","69","","0.598068237304688","0.6"
"Steve Johnson","4053","Orioles","P","","38.1","0.597684383392334","0.6"
"Craig Breslow","4363","- - -","P","","63.1","0.635690748691559","0.6"
"Chris Getz","3388","Royals","2B","210","","0.590747654438019","0.6"
"Zack Britton","3240","Orioles","P","","60.1","0.589378416538239","0.6"
"Josh Rutledge","11167","Rockies","SS","291","","0.588594734668732","0.6"
"Chad Tracy","1888","Nationals","1B/3B","105","","0.588121652603149","0.6"
"Reed Johnson","1702","- - -","RF/CF/LF","288","","0.586970046162605","0.6"
"Bryan LaHair","5462","Cubs","1B/RF","380","","0.586967170238495","0.6"
"Matt Lindstrom","4604","- - -","P","","47.0","0.583097636699677","0.6"
"Neftali Feliz","18","Rangers","P","","42.2","0.603052914142609","0.6"
"Charlie Blackmon","7859","Rockies","RF/LF","121","","0.569007098674774","0.6"
"Mitchell Boggs","3344","Cardinals","P","","73.1","0.565894544124603","0.6"
"Wade LeBlanc","5221","Marlins","P","","68.2","0.559292435646057","0.6"
"Nate Schierholtz","6201","- - -","RF","269","","0.561634719371796","0.6"
"Michael Gonzalez","1794","Nationals","P","","35.2","0.559994101524353","0.6"
"Casey Fien","3926","Twins","P","","35.0","0.559277832508087","0.6"
"Nick Punto","1429","- - -","2B/3B","191","","0.558305665850639","0.6"
"Anthony Gose","5097","Blue Jays","RF/CF","189","","0.556661367416382","0.6"
"Alexi Casilla","5248","Twins","2B","326","","0.552652180194855","0.6"
"Freddy Garcia","1077","Yankees","P","","107.1","0.563436329364777","0.6"
"Cole DeVries","8201","Twins","P","","87.2","0.549455106258392","0.5"
"Tony Watson","3132","Pirates","P","","53.1","0.557499647140503","0.5"
"Juan Francisco","6978","Braves","3B","205","","0.544229388237","0.5"
"Andrew Miller","6785","Red Sox","P","","40.1","0.543751657009125","0.5"
"Shane Robinson","4249","Cardinals","CF","181","","0.537422001361847","0.5"
"Emilio Bonifacio","4054","Marlins","CF","274","","0.536432266235352","0.5"
"Carlos Torres","7624","Rockies","P","","53.0","0.459672302007675","0.5"
"Randy Choate","813","- - -","P","","38.2","0.533723160624504","0.5"
"Raul Ibanez","607","Yankees","LF","425","","0.530217349529266","0.5"
"Javier Lopez","1663","Giants","P","","36.0","0.524312913417816","0.5"
"Michael Morse","3035","Nationals","RF/LF","430","","0.521796524524689","0.5"
"Ronny Cedeno","2179","Mets","2B/SS","186","","0.520302772521973","0.5"
"Shawn Kelley","7773","Mariners","P","","44.1","0.51658308506012","0.5"
"Kirk Nieuwenhuis","6400","Mets","CF","314","","0.516427218914032","0.5"
"Jordan Walden","3271","Angels","P","","39.0","0.509803295135498","0.5"
"John McDonald","395","Diamondbacks","SS","213","","0.508898437023163","0.5"
"Danny Duffy","3542","Royals","P","","27.2","0.507940471172333","0.5"
"Austin Kearns","332","Marlins","RF/LF","175","","0.506475210189819","0.5"
"Franklin Morales","5088","Red Sox","P","","76.1","0.454077988862991","0.5"
"Donnie Veal","4741","White Sox","P","","13.0","0.500552952289581","0.5"
"Alfredo Simon","2155","Reds","P","","61.0","0.552276372909546","0.5"
"Derek Norris","6867","Athletics","C","232","","0.49944531917572","0.5"
"Jamey Wright","715","Dodgers","P","","67.2","0.523791193962097","0.5"
"Xavier Paul","5963","Reds","LF","96","","0.497778475284576","0.5"
"J.J. Hoover","9037","Reds","P","","30.2","0.494361072778702","0.5"
"Adam Ottavino","1247","Rockies","P","","79.0","0.572731196880341","0.5"
"Randy Wolf","976","- - -","P","","157.2","0.641584824770689","0.5"
"Andrew Cashner","8782","Padres","P","","46.1","0.456098675727844","0.5"
"Mickey Storey","4721","Astros","P","","30.1","0.492307960987091","0.5"
"Jordan Norberto","8432","Athletics","P","","52.0","0.487366169691086","0.5"
"Clint Barmes","1830","Pirates","SS","493","","0.480363816022873","0.5"
"Javy Guerra","7407","Dodgers","P","","45.0","0.477696806192398","0.5"
"Sam Fuld","8254","Rays","RF/LF","107","","0.473154813051224","0.5"
"John Buck","2041","Marlins","C","398","","0.471931159496307","0.5"
"Wesley Wright","5960","Astros","P","","52.1","0.509371638298035","0.5"
"David Phelps","6316","Yankees","P","","99.2","0.482091188430786","0.5"
"Travis Hafner","1573","Indians","DH","263","","0.467585146427155","0.5"
"Wilson Ramos","1433","Nationals","C","96","","0.466906726360321","0.5"
"Carter Capps","12803","Mariners","P","","25.0","0.464692026376724","0.5"
"George Kontos","9486","Giants","P","","43.2","0.476633816957474","0.5"
"Irving Falu","6165","Royals","2B","91","","0.45723494887352","0.5"
"Drew Hutchison","10732","Blue Jays","P","","58.2","0.481456398963928","0.5"
"Dioner Navarro","3179","Reds","C","73","","0.451174020767212","0.5"
"Jose Lobaton","4243","Rays","C","197","","0.450697630643845","0.5"
"Martin Perez","6902","Rangers","P","","38.0","0.448674291372299","0.4"
"Adam Kennedy","19","Dodgers","2B/3B","201","","0.44866207242012","0.4"
"Al Alburquerque","6324","Tigers","P","","13.1","0.445103198289871","0.4"
"Jayson Nix","3790","Yankees","3B","202","","0.444960445165634","0.4"
"Justin Germano","1938","- - -","P","","69.2","0.582234337925911","0.4"
"Boone Logan","5525","Yankees","P","","55.1","0.443998992443085","0.4"
"Cristhian Martinez","5337","Braves","P","","73.2","0.480992764234543","0.4"
"Eduardo Nunez","6848","Yankees","3B/SS","100","","0.43726921081543","0.4"
"Freddy Galvis","6609","Phillies","2B","200","","0.436575204133987","0.4"
"Luis Perez","6389","Blue Jays","P","","42.0","0.432318449020386","0.4"
"John Lannan","7080","Nationals","P","","32.2","0.420818269252777","0.4"
"Eric O'Flaherty","5746","Braves","P","","57.1","0.422381281852722","0.4"
"Brett Gardner","9927","Yankees","LF","37","","0.42199894785881","0.4"
"Chris Seddon","3833","Indians","P","","34.1","0.417283028364182","0.4"
"Daric Barton","5928","Athletics","1B","136","","0.417253881692886","0.4"
"Shawn Camp","1855","Cubs","P","","77.2","0.417148053646088","0.4"
"Alex Burnett","4065","Twins","P","","71.2","0.416978001594543","0.4"
"Vin Mazzaro","5231","Royals","P","","44.0","0.285240590572357","0.4"
"Alex White","10054","Rockies","P","","98.0","0.211860030889511","0.4"
"Joe Thatcher","4620","Padres","P","","31.2","0.399381339550018","0.4"
"Clay Rapada","4831","Yankees","P","","38.1","0.394769370555878","0.4"
"Nick Vincent","7555","Padres","P","","26.1","0.402038484811783","0.4"
"Mike Napoli","3057","Rangers","C/1B","417","","0.38741871714592","0.4"
"Darin Ruf","9929","Phillies","1B/LF","37","","0.385218948125839","0.4"
"Ricky Romero","3403","Blue Jays","P","","181.0","0.372700363397598","0.4"
"Mike Minor","10021","Braves","P","","179.1","0.684449553489685","0.4"
"Devin Mesoraco","5666","Reds","C","184","","0.376523017883301","0.4"
"Jhonatan Solano","7515","Nationals","C","37","","0.365577042102814","0.4"
"DJ LeMahieu","9874","Rockies","2B","247","","0.362491726875305","0.4"
"Mariano Rivera","844","Yankees","P","","8.1","0.362402617931366","0.4"
"Evan Scribner","7525","Athletics","P","","35.1","0.361828953027725","0.4"
"Chris Archer","6345","Rays","P","","29.1","0.43558868765831","0.4"
"Stephen Fife","8077","Dodgers","P","","26.2","0.251869648694992","0.4"
"Edward Mujica","3970","- - -","P","","65.1","0.357569336891174","0.4"
"Josh Tomlin","9388","Indians","P","","103.1","0.264074802398682","0.4"
"Heath Bell","2080","Marlins","P","","63.2","0.351741224527359","0.4"
"Francisley Bueno","5980","Royals","P","","17.1","0.348456114530563","0.3"
"Xavier Cedeno","36","Astros","P","","31.0","0.360267728567123","0.3"
"Carlos Lee","243","- - -","1B","615","","0.342218607664108","0.3"
"Travis Snider","2830","- - -","RF/LF","185","","0.336698099970818","0.3"
"Esmerling Vasquez","5280","Twins","P","","31.2","0.331194251775742","0.3"
"Tyler Chatwood","4338","Rockies","P","","64.2","0.146837964653969","0.3"
"Carl Crawford","1201","Red Sox","LF","125","","0.325688511133194","0.3"
"Rich Hill","4806","Red Sox","P","","19.2","0.324940592050552","0.3"
"Fernando Salas","4971","Cardinals","P","","58.2","0.335287779569626","0.3"
"Ezequiel Carrera","9048","Indians","CF/LF","158","","0.31712543964386","0.3"
"Hector Ambriz","559","Astros","P","","19.1","0.314449399709702","0.3"
"Jon Rauch","1475","Mets","P","","57.2","0.313427925109863","0.3"
"Hisanori Takahashi","10091","- - -","P","","50.1","0.31089823693037","0.3"
"Matt Dominguez","4903","Astros","3B","113","","0.305819243192673","0.3"
"Brad Mills","4420","Angels","P","","5.0","0.304595232009888","0.3"
"Jose Veras","2063","Brewers","P","","67.0","0.30333599448204","0.3"
"Manny Parra","4279","Brewers","P","","58.2","0.316050708293915","0.3"
"Chris Dickerson","7095","Yankees","LF","17","","0.297582805156708","0.3"
"Justin Turner","5235","Mets","2B","185","","0.297199994325638","0.3"
"Alex Gonzalez","520","Brewers","SS","89","","0.296197116374969","0.3"
"Scott Podsednik","1095","Red Sox","CF/LF","216","","0.295807659626007","0.3"
"Michael McKenry","9628","Pirates","C","275","","0.292825758457184","0.3"
"Jose Contreras","1660","Phillies","P","","13.2","0.291353702545166","0.3"
"Tyson Ross","7872","Athletics","P","","73.1","0.31192022562027","0.3"
"Jordany Valdespin","5098","Mets","2B/LF","206","","0.286969423294067","0.3"
"Andruw Jones","96","Yankees","RF/LF","269","","0.286651581525803","0.3"
"Andrew Werner","11783","Padres","P","","40.1","0.365980058908463","0.3"
"Logan Schafer","7937","Brewers","CF","25","","0.281467854976654","0.3"
"Chris Resop","3799","Pirates","P","","73.2","0.266743987798691","0.3"
"Fernando Rodriguez","7558","Astros","P","","70.1","0.314933240413666","0.3"
"Frank Herrmann","7960","Indians","P","","19.1","0.267103552818298","0.3"
"Tyler Greene","4675","- - -","2B/SS","330","","0.263568058609962","0.3"
"Cody Eppley","9095","Yankees","P","","46.0","0.263504922389984","0.3"
"Steve Lombardozzi","5422","Nationals","2B/LF","416","","0.263233929872513","0.3"
"Jason Marquis","105","- - -","P","","127.2","-0.206478655338287","0.3"
"Cody Allen","12183","Indians","P","","29.0","0.259295105934143","0.3"
"Laynce Nix","1766","Phillies","LF","127","","0.258528739213943","0.3"
"Edgar Gonzalez","1727","Astros","P","","25.0","0.204234629869461","0.3"
"Francisco Rodriguez","1642","Brewers","P","","72.0","0.251589268445969","0.3"
"Alexi Amarista","9063","- - -","2B/LF","300","","0.250512841157615","0.3"
"Justin Grimm","11720","Rangers","P","","14.0","0.250496953725815","0.3"
"Henderson Alvarez","5669","Blue Jays","P","","187.1","0.259304463863373","0.2"
"Scott Downs","773","Angels","P","","45.2","0.240332156419754","0.2"
"Ryan Theriot","3811","Giants","2B","384","","0.231194525957108","0.2"
"Brett Jackson","9632","Cubs","CF","142","","0.230594038963318","0.2"
"John Danks","6329","White Sox","P","","53.2","0.267610132694244","0.2"
"Darin Downs","5903","Tigers","P","","20.2","0.225436180830002","0.2"
"Sean Rodriguez","6589","Rays","2B/3B/SS","342","","0.224890843033791","0.2"
"Josh Kinney","3638","Mariners","P","","32.0","0.22331278026104","0.2"
"Burke Badenhop","9736","Rays","P","","62.1","0.234562397003174","0.2"
"Vicente Padilla","964","Red Sox","P","","50.0","0.235283583402634","0.2"
"Sandy Leon","5273","Nationals","C","36","","0.220727413892746","0.2"
"Kyle Farnsworth","278","Rays","P","","27.0","0.220429018139839","0.2"
"Trevor Rosenthal","10745","Cardinals","P","","22.2","0.218495458364487","0.2"
"Brandon Snyder","9856","Rangers","1B","69","","0.218033224344254","0.2"
"Charlie Morton","4676","Pirates","P","","50.1","0.401433795690537","0.2"
"Tom Gorzelanny","6244","Nationals","P","","72.0","0.0988589227199554","0.2"
"Jason Frasor","1906","Blue Jays","P","","43.2","0.213339760899544","0.2"
"Clayton Richard","3551","Padres","P","","218.2","0.411214262247086","0.2"
"Starling Marte","9241","Pirates","LF","182","","0.210999205708504","0.2"
"Justin Sellers","4006","Dodgers","3B/SS","50","","0.209047690033913","0.2"
"Julio Teheran","6797","Braves","P","","6.1","0.174428582191467","0.2"
"Chris Nelson","8175","Rockies","3B","377","","0.203718259930611","0.2"
"Michael Schwimer","8103","Phillies","P","","34.1","0.200295254588127","0.2"
"Cory Gearrin","7947","Braves","P","","20.0","0.199742555618286","0.2"
"Rob Brantly","10655","Marlins","C","113","","0.198194667696953","0.2"
"Luke Putkonen","6736","Tigers","P","","16.0","0.195378869771957","0.2"
"Frank Francisco","1933","Mets","P","","42.1","0.193877607584","0.2"
"Duane Below","3124","Tigers","P","","46.1","0.20623317360878","0.2"
"Vernon Wells","1326","Angels","LF","262","","0.188482627272606","0.2"
"Lonnie Chisenhall","7571","Indians","3B","151","","0.18771904706955","0.2"
"Omar Quintanilla","6335","- - -","2B/SS","190","","0.185947358608246","0.2"
"Scott Barnes","8718","Indians","P","","19.0","0.185926869511604","0.2"
"Guillermo Moscoso","5106","Rockies","P","","50.0","0.166325867176056","0.2"
"Mike Dunn","9948","Marlins","P","","44.0","0.192133620381355","0.2"
"Garrett Richards","9784","Angels","P","","71.0","0.201930344104767","0.2"
"Jim Thome","409","- - -","DH","186","","0.17781026661396","0.2"
"Jake Diekman","5003","Phillies","P","","27.1","0.175333440303802","0.2"
"Ben Sheets","710","Braves","P","","49.1","0.319309741258621","0.2"
"Zach Duke","3840","Nationals","P","","13.2","0.183687508106232","0.2"
"Jordy Mercer","6547","Pirates","SS","68","","0.170404151082039","0.2"
"Carlos Triunfel","193","Mariners","SS","24","","0.170288637280464","0.2"
"Hector Gimenez","2172","White Sox","C","11","","0.168459713459015","0.2"
"Collin Cowgill","7250","Athletics","CF/LF","116","","0.166787102818489","0.2"
"Andrew Romine","1159","Angels","SS","21","","0.166405528783798","0.2"
"Mike Ekstrom","7488","Rockies","P","","15.2","0.164974302053452","0.2"
"Kyle McPherson","5009","Pirates","P","","26.1","0.181002497673035","0.2"
"Eddy Rodriguez","6870","Padres","C","7","","0.163699075579643","0.2"
"David Huff","4257","Indians","P","","26.2","0.163338497281075","0.2"
"Cesar Ramos","3357","Rays","P","","30.0","0.173311188817024","0.2"
"Tim Byrdak","1995","Mets","P","","30.2","0.158307805657387","0.2"
"Fernando Abad","4994","Astros","P","","46.0","0.17272612452507","0.2"
"Steve Delabar","11827","- - -","P","","66.0","0.156001925468445","0.2"
"Chris Rusin","9895","Cubs","P","","29.2","0.0992074832320213","0.2"
"Fernando Martinez","9210","Astros","LF","130","","0.150121241807938","0.2"
"Alberto Gonzalez","4906","Rangers","3B/SS","55","","0.149139776825905","0.1"
"Chris Carpenter","1292","Cardinals","P","","17.0","0.150109604001045","0.1"
"Phillippe Aumont","5362","Phillies","P","","14.2","0.148123815655708","0.1"
"Jeremy Accardo","6428","- - -","P","","37.1","0.145512923598289","0.1"
"Justin De Fratus","4955","Phillies","P","","10.2","0.14550356566906","0.1"
"Scott Elbert","7489","Dodgers","P","","32.2","0.145472839474678","0.1"
"Jeff Locke","2929","Pirates","P","","34.1","0.208309888839722","0.1"
"Adam Rosales","9682","Athletics","2B/SS","111","","0.144451349973679","0.1"
"Lucas Luetge","8337","Mariners","P","","40.2","0.143713802099228","0.1"
"Andrew Brown","3837","Rockies","RF/LF","126","","0.140074193477631","0.1"
"Ramon Ramirez","7986","Mets","P","","63.2","0.1382145434618","0.1"
"Francisco Peguero","5496","Giants","LF","16","","0.138115122914314","0.1"
"Domonic Brown","3154","Phillies","RF/LF","212","","0.136813595890999","0.1"
"Rob Scahill","9286","Rockies","P","","8.2","0.0931165367364883","0.1"
"Nick Maronde","12530","Angels","P","","6.0","0.13434986770153","0.1"
"Chris Leroux","7645","Pirates","P","","11.1","0.14576929807663","0.1"
"Brett Myers","962","- - -","P","","65.1","0.132353370077908","0.1"
"Lew Ford","1724","Orioles","LF/DH","79","","0.131861731410027","0.1"
"Elian Herrera","5432","Dodgers","3B/LF","214","","0.125828042626381","0.1"
"Rafael Ortega","10323","Rockies","CF","6","","0.122610963881016","0.1"
"Lance Berkman","548","Cardinals","1B","97","","0.122096560895443","0.1"
"Jose Constanza","6003","Braves","LF","86","","0.120182782411575","0.1"
"Vinnie Chulk","1838","Brewers","P","","9.0","0.119848258793354","0.1"
"Pete Orr","2748","Phillies","2B","57","","0.117874570190907","0.1"
"Travis Ishikawa","4793","Brewers","1B","174","","0.117542684078217","0.1"
"Josh Outman","4004","Rockies","P","","40.2","0.178830817341805","0.1"
"Jonathan Herrera","4182","Rockies","2B/SS","251","","0.115256316959858","0.1"
"Jeremy Hermida","7208","Padres","RF","27","","0.115240596234798","0.1"
"Joaquin Benoit","1437","Tigers","P","","71.0","0.113802149891853","0.1"
"Carlos Marmol","2790","Cubs","P","","55.1","0.108468040823936","0.1"
"Jason Pridie","4611","Phillies","RF/CF","10","","0.104745618999004","0.1"
"Justin Morneau","1737","Twins","1B/DH","570","","0.104655757546425","0.1"
"Brad Bergesen","8375","Diamondbacks","P","","29.2","0.129260912537575","0.1"
"Daniel Hudson","7146","Diamondbacks","P","","45.1","0.0471238642930985","0.1"
"Joe Wieland","6109","Padres","P","","27.2","0.0077222790569067","0.1"
"Justin Wilson","4301","Pirates","P","","4.2","0.0921577513217926","0.1"
"Jamie Moyer","1091","Rockies","P","","53.2","0.0936078876256943","0.1"
"Stephen Drew","4251","- - -","SS","327","","0.0904830545186996","0.1"
"Franklin Gutierrez","3255","Mariners","CF","163","","0.0899520516395569","0.1"
"Brandon Kintzler","9939","Brewers","P","","16.2","0.0892546474933624","0.1"
"Bobby Abreu","945","- - -","LF","257","","0.0870467647910118","0.1"
"Joba Chamberlain","2692","Yankees","P","","20.2","0.0869469121098518","0.1"
"Mark Lowe","7416","Rangers","P","","39.1","0.0852005705237389","0.1"
"Todd Coffey","2467","Dodgers","P","","19.1","0.0840673744678497","0.1"
"Vinny Rottino","5202","- - -","LF","71","","0.0839812159538269","0.1"
"Brett Cecil","2660","Blue Jays","P","","61.1","0.108081199228764","0.1"
"Didi Gregorius","6012","Reds","SS","21","","0.0819874107837677","0.1"
"Denis Phipps","6968","Reds","RF/CF","11","","0.0790781453251839","0.1"
"Corey Brown","2650","Nationals","LF","27","","0.0779009908437729","0.1"
"Jerry Blevins","7841","Athletics","P","","65.1","0.0748505294322968","0.1"
"Dylan Axelrod","9303","White Sox","P","","51.0","0.0715360566973686","0.1"
"Paco Rodriguez","13398","Dodgers","P","","6.2","0.071446992456913","0.1"
"Eury Perez","10299","Nationals","CF/LF","5","","0.067336693406105","0.1"
"Christian Garcia","4067","Nationals","P","","12.2","0.0665441378951073","0.1"
"Tony Cruz","2802","Cardinals","C","131","","0.0664141699671745","0.1"
"Michael Kirkman","9877","Rangers","P","","35.1","0.0657286643981934","0.1"
"Jaye Chapman","9096","Cubs","P","","12.0","0.062425147742033","0.1"
"Dan Otero","7385","Giants","P","","12.1","0.0721554383635521","0.1"
"Chad Gaudin","1783","Marlins","P","","69.1","0.159872323274612","0.1"
"Sandy Rosario","1525","Marlins","P","","3.0","0.0562771894037724","0.1"
"Will Harris","3192","Rockies","P","","17.2","0.056020762771368","0.1"
"David Herndon","9264","Phillies","P","","7.2","0.0686112642288208","0.1"
"Casey McGehee","6086","- - -","1B","352","","0.0533487200737","0.1"
"Brandon Laird","5476","Astros","1B/3B","37","","0.0519356206059456","0.1"
"Bryan Shaw","8110","Diamondbacks","P","","59.1","0.0504479221999645","0.1"
"David Cooper","7752","Blue Jays","1B","145","","0.0495498217642307","0.0"
"Travis Buck","4646","Astros","RF/LF","81","","0.0488915704190731","0.0"
"Juan Uribe","454","Dodgers","3B","179","","0.0484576113522053","0.0"
"Luke Scott","3469","Rays","DH","344","","0.0484448783099651","0.0"
"Alberto Cabrera","8352","Cubs","P","","21.2","0.0477580651640892","0.0"
"Bryan Morris","10234","Pirates","P","","5.0","0.046876285225153","0.0"
"Tim Dillard","5518","Brewers","P","","37.0","0.0462781153619289","0.0"
"Avisail Garcia","5760","Tigers","RF","51","","0.0442126020789146","0.0"
"Tony Sipp","8280","Indians","P","","55.0","0.0410055406391621","0.0"
"Cord Phelps","8631","Indians","2B/DH","34","","0.0400549061596394","0.0"
"Kristopher Negron","5306","Reds","CF","5","","0.0398748330771923","0.0"
"J.C. Boscan","2324","Braves","C","10","","0.039580512791872","0.0"
"Bryan Holaday","11287","Tigers","C","13","","0.0382100492715836","0.0"
"Todd Helton","432","Rockies","1B","283","","0.0360968075692654","0.0"
"Juan Cruz","273","Pirates","P","","35.2","0.0359737165272236","0.0"
"Roman Colon","2242","Royals","P","","8.0","0.0480206273496151","0.0"
"Josh Spence","11260","Padres","P","","10.1","0.033352468162775","0.0"
"Michael Stutes","6550","Phillies","P","","5.2","0.0326080732047558","0.0"
"Shawn Tolleson","10481","Dodgers","P","","37.2","0.0314857140183449","0.0"
"Nick Johnson","828","Orioles","DH","102","","0.0302069876343012","0.0"
"Nick Hagadone","1351","Indians","P","","25.1","0.0290318317711353","0.0"
"Chad Beck","9258","Blue Jays","P","","15.2","0.028639005497098","0.0"
"Tyson Brummett","509","Phillies","P","","0.2","0.0286034420132637","0.0"
"Brian Schneider","795","Phillies","C","98","","0.0280317142605782","0.0"
"Enerio Del Rosario","4204","Astros","P","","19.0","0.0280157178640366","0.0"
"Rick VandenHurk","5099","Pirates","P","","2.2","0.0275947954505682","0.0"
"Hernan Perez","5751","Tigers","2B","2","","0.0272416938096285","0.0"
"Francisco Cervelli","5275","Yankees","C","2","","0.0257901661098003","0.0"
"Jose Valdez","3217","Astros","P","","12.0","0.0252024736255407","0.0"
"Brian Bruney","1929","White Sox","P","","1.0","0.0251696221530437","0.0"
"Tanner Scheppers","10267","Rangers","P","","32.1","0.0250494629144669","0.0"
"Jeremy Jeffress","9490","Royals","P","","13.1","0.0239617265760899","0.0"
"Jeurys Familia","5114","Mets","P","","12.1","0.0351358018815517","0.0"
"Jack Hannahan","3692","Indians","3B","318","","0.0217758379876614","0.0"
"Tony Cingrani","12555","Reds","P","","5.0","0.0342215150594711","0.0"
"Justin Hampson","2209","Mets","P","","10.0","0.0329354144632816","0.0"
"Brian Omogrosso","1353","White Sox","P","","21.0","0.01967035792768","0.0"
"Alfredo Aceves","5164","Red Sox","P","","84.0","0.0190290994942188","0.0"
"Eli Whiteside","3536","Giants","C","14","","0.0188223849982023","0.0"
"Joe Martinez","3935","Diamondbacks","P","","1.0","0.0180012602359056","0.0"
"Pedro Villarreal","9904","Reds","P","","1.0","0.0169063843786716","0.0"
"Clete Thomas","3373","- - -","RF","29","","0.0156315169297159","0.0"
"Jhan Marinez","5830","White Sox","P","","2.2","0.0153091913089156","0.0"
"Jacob Turner","10185","- - -","P","","55.0","0.21697786450386","0.0"
"Mat Gamel","4034","Brewers","1B","75","","0.0140365026891232","0.0"
"Eric Fryer","8145","Pirates","RF/LF","5","","0.0132154943421483","0.0"
"Tyler Cloyd","8536","Phillies","P","","33.0","-0.0555561073124409","0.0"
"Ramiro Pena","8841","Yankees","SS","4","","0.0105062201619148","0.0"
"Mike Fontenot","3912","Phillies","2B/3B","105","","0.00956445652991533","0.0"
"Brandon Barnes","629","Astros","CF","105","","0.00892107468098402","0.0"
"Yoshinori Tateyama","11651","Rangers","P","","17.0","0.00874248053878546","0.0"
"John Mayberry","3390","Phillies","CF/LF","479","","0.00722472695633769","0.0"
"Chris Snyder","4606","Astros","C","258","","0.00703367032110691","0.0"
"Brandon Guyer","2636","Rays","LF","7","","0.00603198353201151","0.0"
"Lester Oliveros","9167","Twins","P","","1.2","0.00470372196286917","0.0"
"Jack Egbert","7487","Mets","P","","0.2","0.00395753141492605","0.0"
"Dan Runzler","4080","Giants","P","","3.2","0.00386613979935646","0.0"
"Fautino De Los Santos","5841","Athletics","P","","3.0","0.0025797903072089","0.0"
"Hector Santiago","4026","White Sox","P","","70.1","0.00244457996450365","0.0"
"Thad Weber","8036","Tigers","P","","4.0","0.00153115775901824","0.0"
"Matt Young","8989","Tigers","2B/LF","11","","0.000556746672373265","0.0"
"Daniel McCutchen","263","Pirates","P","","0.0","0","0.0"
"Jake Odorizzi","6397","Royals","P","","7.1","-0.000207442833925597","0.0"
"Zach Putnam","9080","Rockies","P","","2.0","-0.00250176806002855","0.0"
"Pedro Beato","1330","- - -","P","","12.0","-0.00323590636253357","0.0"
"Cory Burns","6620","Padres","P","","18.0","0.00771927833557129","0.0"
"Garrett Olson","9889","Mets","P","","0.1","-0.00538341281935573","0.0"
"Louis Coleman","9720","Royals","P","","51.0","-0.00601086625829339","0.0"
"Melky Mesa","447","Yankees","CF/DH","2","","-0.00603481801226735","0.0"
"Nate Adcock","3282","Royals","P","","34.2","0.00551822455599904","0.0"
"Tim Federowicz","8609","Dodgers","C","4","","-0.0068140490911901","0.0"
"Matt Capps","4788","Twins","P","","29.1","-0.00749602913856506","0.0"
"Ryota Igarashi","10232","- - -","P","","4.0","-0.00782064121449366","0.0"
"Dylan Bundy","12917","Orioles","P","","1.2","-0.00787282641977072","0.0"
"Josh Harrison","8202","Pirates","2B/SS","276","","-0.00791622884571552","0.0"
"Brian Wilson","6485","Giants","P","","2.0","-0.00936847738921642","0.0"
"Carlos Santana","2396","Indians","C","609","","-0.00952597055584192","0.0"
"Adam Moore","9362","Royals","C/DH","12","","-0.0101541988551617","0.0"
"Andrew Carignan","2431","Athletics","P","","9.2","-0.01346864271909","0.0"
"Kyle Blanks","49","Padres","1B/LF","6","","-0.0144544830545783","0.0"
"Bryan Anderson","9871","Cardinals","C/1B","14","","-0.0150311896577477","0.0"
"Justin Thomas","9910","- - -","P","","7.2","-0.0154424346983433","0.0"
"Stuart Pomeranz","6382","Orioles","P","","6.0","-0.0173042025417089","0.0"
"Josh Lueke","5722","Rays","P","","3.1","-0.0174006316810846","0.0"
"Jared Hughes","9325","Pirates","P","","75.2","-0.00527123501524329","0.0"
"Tommy Field","6262","Rockies","2B","3","","-0.0185982696712017","0.0"
"Pat Neshek","4682","Athletics","P","","19.2","-0.0188049003481865","0.0"
"Aneury Rodriguez","8948","Astros","P","","6.0","-0.0807202309370041","0.0"
"Sam Freeman","6832","Cardinals","P","","20.0","-0.0206861086189747","0.0"
"Bill Hall","1605","Orioles","DH","14","","-0.0213524699211121","0.0"
"A.J. Pollock","9256","Diamondbacks","CF/LF","93","","-0.021411182358861","0.0"
"Sam Dyson","11710","Blue Jays","P","","0.2","-0.0228963419795036","0.0"
"Josh Satin","6788","Mets","PH/PR","1","","-0.0232928618788719","0.0"
"Adam Greenberg","4647","Marlins","PH/PR","1","","-0.0236688461154699","0.0"
"L.J. Hoes","6656","Orioles","LF","1","","-0.0240465570241213","0.0"
"John Baker","4756","Padres","C","214","","-0.0241708569228649","0.0"
"Mark Kotsay","1042","Padres","RF/LF","156","","-0.0241782795637846","0.0"
"Luke Carlin","4666","Indians","C","14","","-0.0243885517120361","0.0"
"Jurickson Profar","10815","Rangers","2B/SS","17","","-0.0256035923957825","0.0"
"Andrew Taylor","7896","Angels","P","","2.1","-0.0257948748767376","0.0"
"Andrew Bailey","1368","Red Sox","P","","15.1","-0.0260471440851688","0.0"
"Mike MacDougal","612","Dodgers","P","","5.2","-0.026452012360096","0.0"
"Matt Maloney","9920","Twins","P","","11.0","-0.0270277988165617","0.0"
"Alex Presley","5305","Pirates","LF","370","","-0.0273926109075546","0.0"
"Anthony Varvaro","2385","Braves","P","","16.2","-0.0278699416667223","0.0"
"Yusmeiro Petit","4020","Giants","P","","4.2","-0.0164675544947386","0.0"
"Shawn Hill","1882","Blue Jays","P","","3.0","-0.0298261847347021","0.0"
"Pedro Florimon","8385","Twins","SS","150","","-0.030077600851655","0.0"
"Steve Geltz","8402","Angels","P","","2.0","-0.0305782798677683","0.0"
"Casey Kelly","9174","Padres","P","","29.0","-0.0666064545512199","0.0"
"Tim Stauffer","6432","Padres","P","","5.0","-0.00808365922421217","0.0"
"Eric Hacker","8743","Giants","P","","9.2","0.002899628598243","0.0"
"Rubby de la Rosa","3862","Dodgers","P","","0.2","-0.0331538580358028","0.0"
"Hector Luna","1874","Phillies","1B","66","","-0.0359020046889782","0.0"
"Dustin Moseley","7060","Padres","P","","5.0","-0.02455092407763","0.0"
"Brian Bixler","8055","Astros","RF","96","","-0.0390849113464355","0.0"
"Luis Hernandez","3206","Rangers","3B/SS","2","","-0.0392535254359245","0.0"
"Sam Demel","868","Diamondbacks","P","","1.0","-0.0400438196957111","0.0"
"Jeanmar Gomez","9033","Indians","P","","90.2","-0.0700676962733269","0.0"
"Jerry Sands","4016","Dodgers","LF","24","","-0.0439466498792171","0.0"
"Scott Richmond","4307","Blue Jays","P","","3.0","-0.0445539653301239","0.0"
"James Darnell","9060","Padres","LF","19","","-0.0446373894810677","0.0"
"Cory Wade","7570","Yankees","P","","39.0","-0.0464676097035408","0.0"
"Brett Carroll","8066","Nationals","CF","2","","-0.0470354668796062","0.0"
"Rodrigo Lopez","150","Cubs","P","","6.1","-0.0471576489508152","0.0"
"Wil Nieves","1556","- - -","C","89","","-0.048267275094986","0.0"
"Wilmer Font","5257","Rangers","P","","2.0","-0.0483123436570168","0.0"
"Dana Eveland","5508","Orioles","P","","32.1","-0.0489163100719452","0.0"
"Steve Edlefsen","2185","Giants","P","","15.1","-0.0378795973956585","0.0"
"Adron Chambers","7995","Cardinals","RF/CF/LF","62","","-0.0501422919332981","-0.1"
"Josh Wall","4436","Dodgers","P","","5.2","-0.0506359711289406","-0.1"
"Luis Perdomo","5380","Twins","P","","17.0","-0.0511663407087326","-0.1"
"Hank Conger","2505","Angels","C","22","","-0.0525594167411327","-0.1"
"Scott Maine","885","- - -","P","","26.2","-0.0298601251561195","-0.1"
"Rafael Perez","4078","Indians","P","","7.2","-0.0561226569116116","-0.1"
"Evan Meek","5109","Pirates","P","","12.0","-0.0561837889254093","-0.1"
"Chris Iannetta","8267","Angels","C","253","","-0.0578727833926678","-0.1"
"Steven Hill","8211","Cardinals","1B","10","","-0.0578940846025944","-0.1"
"Jonathan Albaladejo","3521","Diamondbacks","P","","3.0","-0.0587861314415932","-0.1"
"Russ Canzler","8265","Indians","1B/LF","97","","-0.0589679814875126","-0.1"
"Jeff Bianchi","9958","Brewers","3B/SS","76","","-0.059927262365818","-0.1"
"Edwin Maysonet","5735","Brewers","SS","66","","-0.0604640990495682","-0.1"
"Shelley Duncan","3620","Indians","LF","264","","-0.0606149211525917","-0.1"
"Guillermo Mota","1467","Giants","P","","20.2","-0.0614554211497307","-0.1"
"Logan Morrison","9205","Marlins","1B/LF","334","","-0.0636354312300682","-0.1"
"Guillermo Quiroz","7989","Red Sox","C","2","","-0.065598264336586","-0.1"
"Eric Farris","2066","Brewers","2B/LF","9","","-0.0660359114408493","-0.1"
"David Aardsma","1902","Yankees","P","","1.0","-0.0664217472076416","-0.1"
"Deunte Heath","7371","White Sox","P","","2.0","-0.0678166002035141","-0.1"
"Kila Ka'aihue","4707","Athletics","1B/DH","139","","-0.0678688883781433","-0.1"
"Rich Thompson","6422","- - -","P","","3.0","-0.0690002841874957","-0.1"
"Jonny Venters","7175","Braves","P","","58.2","-0.0699755921959877","-0.1"
"Manny Pina","2829","Royals","C","2","","-0.0710861533880234","-0.1"
"Mike Jacobs","2231","Diamondbacks","1B","23","","-0.0712476596236229","-0.1"
"Gorkys Hernandez","4146","- - -","CF","173","","-0.0722294219303876","-0.1"
"Barret Browning","9356","Cardinals","P","","19.1","-0.0610140077769756","-0.1"
"Jose Iglesias","10231","Red Sox","SS","77","","-0.073909804224968","-0.1"
"John Axford","9059","Brewers","P","","69.1","-0.0611857026815414","-0.1"
"Daniel Descalso","8392","Cardinals","2B","426","","-0.0747971683740616","-0.1"
"Pedro Figueroa","6616","Athletics","P","","21.2","-0.0748342052102089","-0.1"
"Bobby Korecky","4608","Blue Jays","P","","1.0","-0.0756894946098328","-0.1"
"Brandon Dickson","6979","Cardinals","P","","6.1","-0.125677451491356","-0.1"
"D.J. Mitchell","5354","Yankees","P","","4.2","-0.0795437172055244","-0.1"
"Zach Phillips","99","Orioles","P","","6.0","-0.0800361037254334","-0.1"
"Michael Bowden","4440","- - -","P","","39.2","-0.054330793209374","-0.1"
"Barry Enright","2412","Angels","P","","3.2","-0.081097386777401","-0.1"
"Tony Abreu","5053","Royals","2B/3B","74","","-0.0834041610360146","-0.1"
"Steven Lerud","113","Phillies","C","10","","-0.0839425101876259","-0.1"
"Brandon Gomes","2267","Rays","P","","17.2","-0.118396580219269","-0.1"
"Brett Pill","5834","Giants","1B","114","","-0.0844542533159256","-0.1"
"Brad Eldred","4328","Tigers","DH","17","","-0.0846675783395767","-0.1"
"Ali Solis","8848","Padres","C","4","","-0.0856159925460815","-0.1"
"Jesus Flores","4166","Nationals","C","296","","-0.0856751501560211","-0.1"
"Elvin Ramirez","2247","Mets","P","","21.1","-0.0735896527767181","-0.1"
"David Carpenter","3959","- - -","P","","32.1","-0.13469722121954","-0.1"
"Steve Pearce","9957","- - -","1B/RF/LF","188","","-0.0884628780186176","-0.1"
"Jose Arredondo","4722","Reds","P","","61.0","-0.0885501503944397","-0.1"
"Robert Coello","1149","Blue Jays","P","","6.1","-0.0890523195266724","-0.1"
"Jose Ortega","9651","Tigers","P","","2.2","-0.0893921628594399","-0.1"
"Tyler Graham","6220","Diamondbacks","RF/CF","2","","-0.0907565355300903","-0.1"
"Matt Palmer","4457","Padres","P","","2.0","-0.091750755906105","-0.1"
"AJ Ramos","8350","Marlins","P","","9.1","-0.0918962359428406","-0.1"
"Ryan Verdugo","9154","Royals","P","","1.2","-0.0932615175843239","-0.1"
"Clint Robinson","6908","Royals","PH/PR","4","","-0.0934872999787331","-0.1"
"Aubrey Huff","1213","Giants","1B","95","","-0.0942921414971352","-0.1"
"Kole Calhoun","11200","Angels","RF","25","","-0.0953637734055519","-0.1"
"Adam Lind","8027","Blue Jays","1B/DH","353","","-0.0963112935423851","-0.1"
"Joe Mahoney","8179","Orioles","1B","4","","-0.097590833902359","-0.1"
"Jordan Danks","9187","White Sox","CF/LF","75","","-0.0985049232840538","-0.1"
"Adeiny Hechavarria","10459","Blue Jays","3B/SS","137","","-0.0986911505460739","-0.1"
"Chris Volstad","9901","Cubs","P","","111.1","-0.105016365647316","-0.1"
"Brandon Allen","7436","- - -","1B/LF","22","","-0.101624544709921","-0.1"
"P.J. Walters","9557","Twins","P","","61.2","-0.101656422019005","-0.1"
"Josh Stinson","3219","Brewers","P","","9.1","-0.0909410417079926","-0.1"
"Ryan Langerhans","98","Angels","LF","2","","-0.104518093168736","-0.1"
"Henry Rodriguez","7983","Reds","2B","16","","-0.106450989842415","-0.1"
"Leyson Septimo","341","White Sox","P","","14.1","-0.106807686388493","-0.1"
"Dane de la Rosa","10095","Rays","P","","5.0","-0.107658304274082","-0.1"
"Edgmer Escalona","8574","Rockies","P","","22.1","-0.0932710766792297","-0.1"
"Doug Slaten","3107","Pirates","P","","13.0","-0.10970052331686","-0.1"
"Matt LaPorta","2280","Indians","1B/DH","60","","-0.110992223024368","-0.1"
"Micah Owings","4253","Padres","P","","9.2","-0.0888527184724808","-0.1"
"Che-Hsuan Lin","3734","Red Sox","RF/CF","12","","-0.112863086163998","-0.1"
"Mike McClendon","9587","Brewers","P","","14.0","-0.0898671373724937","-0.1"
"Trevor Bauer","12703","Diamondbacks","P","","16.1","-0.0513584315776825","-0.1"
"John Ely","6132","Dodgers","P","","2.2","-0.118187636137009","-0.1"
"Chase d'Arnaud","6652","Pirates","2B/SS","6","","-0.118776015937328","-0.1"
"Kevin Mattison","6635","Marlins","LF","5","","-0.119422167539597","-0.1"
"Xavier Avery","8471","Orioles","LF","107","","-0.121186539530754","-0.1"
"Brandon Hicks","4003","Athletics","SS","70","","-0.122263371944427","-0.1"
"Jean Machi","3220","Giants","P","","6.2","-0.122464515268803","-0.1"
"Brad Boxberger","10133","Padres","P","","27.2","-0.0993577912449837","-0.1"
"Nick Green","1502","Marlins","2B/3B","24","","-0.12633304297924","-0.1"
"Michael Taylor","2591","Athletics","RF/LF","21","","-0.126902550458908","-0.1"
"LaTroy Hawkins","729","Angels","P","","42.0","-0.128277316689491","-0.1"
"Chad Jenkins","10326","Blue Jays","P","","32.0","-0.1285340487957","-0.1"
"Jason Repko","2628","Red Sox","CF","11","","-0.134248450398445","-0.1"
"Jim Miller","7458","Athletics","P","","48.2","-0.135326355695724","-0.1"
"Hector Sanchez","10289","Giants","C","227","","-0.136600315570831","-0.1"
"Nate Spears","6026","Red Sox","2B/3B/LF","4","","-0.137165039777756","-0.1"
"Brett Wallace","8434","Astros","1B","254","","-0.137284472584724","-0.1"
"Samuel Deduno","5285","Twins","P","","79.0","-0.138562798500061","-0.1"
"Mike Carp","7480","Mariners","1B/LF","189","","-0.138576224446297","-0.1"
"Robert Carson","2570","Mets","P","","13.1","-0.138951659202576","-0.1"
"Peter Moylan","4891","Braves","P","","5.0","-0.14057420194149","-0.1"
"Jairo Asencio","3332","- - -","P","","40.1","-0.141120025655255","-0.1"
"D.J. Carrasco","1666","Mets","P","","3.2","-0.141216620802879","-0.1"
"Danny Worth","198","Tigers","2B","90","","-0.141225695610046","-0.1"
"Donnie Murphy","4704","Marlins","2B/3B","129","","-0.141383364796638","-0.1"
"David Pauley","3625","- - -","P","","16.2","-0.142219388857484","-0.1"
"Liam Hendriks","3548","Twins","P","","85.1","-0.119106233119965","-0.1"
"Darnell McDonald","1867","- - -","RF/LF","103","","0.162789218127728","-0.1"
"Casey Crosby","5261","Tigers","P","","12.1","-0.146392732858658","-0.1"
"Humberto Quintero","1824","Royals","C","144","","-0.147193789482117","-0.1"
"Todd Redmond","9943","Reds","P","","3.1","-0.135299488902092","-0.1"
"Rick Ankiel","1142","Nationals","CF","171","","-0.148308873176575","-0.1"
"Lars Anderson","9018","Red Sox","1B/LF","8","","-0.151430547237396","-0.2"
"Henry Blanco","81","Diamondbacks","C","67","","-0.151749148964882","-0.2"
"Jenrry Mejia","8476","Mets","P","","16.0","-0.0914564877748489","-0.2"
"Carlos Maldonado","2034","Nationals","C","12","","-0.156206712126732","-0.2"
"Matt Reynolds","8887","Rockies","P","","57.1","-0.0970916748046875","-0.2"
"Carlos Peguero","8760","Mariners","RF","57","","-0.157413721084595","-0.2"
"Sean Burroughs","1021","Twins","3B","18","","-0.157483771443367","-0.2"
"Zach Lutz","3735","Mets","1B","11","","-0.158031612634659","-0.2"
"Yan Gomes","9627","Blue Jays","1B","111","","-0.158077478408813","-0.2"
"Fred Lewis","4693","Mets","RF/LF","25","","-0.160305693745613","-0.2"
"Jemile Weeks","2498","Athletics","2B","511","","-0.161115720868111","-0.2"
"Kameron Loe","4422","Brewers","P","","68.1","-0.148322016000748","-0.2"
"Jordan Pacheco","2677","Rockies","1B/3B","505","","-0.164147078990936","-0.2"
"Chris Narveson","2141","Brewers","P","","9.0","-0.126578763127327","-0.2"
"Luis Marte","8651","Tigers","P","","22.1","-0.153546556830406","-0.2"
"Ryan Perry","8799","Nationals","P","","8.0","-0.168132528662682","-0.2"
"Tom Koehler","6570","Marlins","P","","13.1","-0.155924186110497","-0.2"
"Reid Brignac","8380","Rays","SS","22","","-0.17258857190609","-0.2"
"Mauro Gomez","5342","Red Sox","1B/3B","111","","-0.173164859414101","-0.2"
"Ross Ohlendorf","8268","Padres","P","","48.2","-0.0525316298007965","-0.2"
"Kyle Waldrop","7513","Twins","P","","21.1","-0.177707821130753","-0.2"
"Kevin Gregg","1793","Orioles","P","","43.2","-0.179426327347755","-0.2"
"Kyle Drabek","4359","Blue Jays","P","","71.1","-0.157198503613472","-0.2"
"Jason Castro","8722","Astros","C","295","","-0.183932065963745","-0.2"
"Tommy Hottovy","7542","Royals","P","","9.1","-0.18482369184494","-0.2"
"Lyle Overbay","1617","- - -","1B","131","","-0.188577026128769","-0.2"
"George Sherrill","6291","Mariners","P","","1.1","-0.190388157963753","-0.2"
"Ray Olmedo","1718","White Sox","3B/SS","42","","-0.192187294363976","-0.2"
"Brad Hand","9111","Marlins","P","","3.2","-0.179781690239906","-0.2"
"Will Rhymes","9802","Rays","2B/3B","137","","-0.192627280950546","-0.2"
"Sergio Santos","4734","Blue Jays","P","","5.0","-0.192770600318909","-0.2"
"Andy Parrino","3972","Padres","2B/SS","138","","-0.192792803049088","-0.2"
"Gil Velazquez","2070","Marlins","3B","57","","-0.19284687936306","-0.2"
"Adam Warren","9029","Yankees","P","","2.1","-0.195463895797729","-0.2"
"Chris Hatcher","3299","Marlins","P","","14.2","-0.185945644974709","-0.2"
"Ian Stewart","5950","Cubs","3B","202","","-0.198863878846169","-0.2"
"Pedro Hernandez","4578","White Sox","P","","4.0","-0.199638709425926","-0.2"
"Eduardo Escobar","6153","- - -","2B/3B","146","","-0.200015842914581","-0.2"
"Josh Roenicke","3241","Rockies","P","","88.2","-0.141359582543373","-0.2"
"Mike McCoy","4583","Blue Jays","2B","56","","-0.20316444337368","-0.2"
"Joe Savery","2835","Phillies","P","","25.0","-0.177895054221153","-0.2"
"Randy Wells","4535","Cubs","P","","28.2","-0.226568892598152","-0.2"
"Kyle McClellan","4845","Cardinals","P","","18.2","-0.192305043339729","-0.2"
"Miguel Socolovich","6697","- - -","P","","16.1","-0.208025962114334","-0.2"
"David Lough","7215","Royals","RF/CF","65","","-0.210045143961906","-0.2"
"Ivan De Jesus","9886","- - -","2B/3B","45","","-0.2100536711514","-0.2"
"Kosuke Fukudome","3263","White Sox","LF","51","","-0.211328968405724","-0.2"
"Konrad Schmidt","7178","Diamondbacks","C","8","","-0.211336493492126","-0.2"
"Lendy Castillo","11562","Cubs","P","","16.0","-0.21467337012291","-0.2"
"Ryan Jackson","6596","Cardinals","2B","18","","-0.214733436703682","-0.2"
"Collin McHugh","7531","Mets","P","","21.1","-0.170108035206795","-0.2"
"Jason Berken","5673","- - -","P","","19.2","-0.15554672665894","-0.2"
"Jorge De La Rosa","2047","Rockies","P","","10.2","-0.295644044876099","-0.2"
"Andrew Carpenter","9533","Blue Jays","P","","9.0","-0.222414165735245","-0.2"
"Alex Castellanos","7223","Dodgers","RF/LF","25","","-0.222917348146439","-0.2"
"Jeff Manship","6865","Twins","P","","21.2","-0.22295980155468","-0.2"
"Scott Van Slyke","4365","Dodgers","RF/LF","57","","-0.224669709801674","-0.2"
"Josh Edgin","10796","Mets","P","","25.2","-0.22604213654995","-0.2"
"Anthony Swarzak","7466","Twins","P","","96.2","-0.202375128865242","-0.2"
"B.J. Rosenberg","7183","Phillies","P","","25.0","-0.278966903686523","-0.2"
"Adam Wilk","8421","Tigers","P","","11.0","-0.232997074723244","-0.2"
"Juan Diaz","9235","Indians","SS","17","","-0.233176678419113","-0.2"
"Brock Holt","9345","Pirates","2B","72","","-0.233757972717285","-0.2"
"Brad Lidge","563","Nationals","P","","9.1","-0.234402105212212","-0.2"
"Graham Godfrey","3128","Athletics","P","","21.0","-0.234676286578178","-0.2"
"Maikel Cleto","5529","Cardinals","P","","9.0","-0.222711592912674","-0.2"
"Matt Hague","7772","Pirates","1B","74","","-0.23575833439827","-0.2"
"Mike Zagurski","9683","Diamondbacks","P","","37.1","-0.236802265048027","-0.2"
"Tyler Robertson","3223","Twins","P","","25.0","-0.238411068916321","-0.2"
"Jeff Suppan","633","Padres","P","","30.2","-0.243156015872955","-0.2"
"Mark Melancon","4264","Red Sox","P","","45.0","-0.244363844394684","-0.2"
"Leonys Martin","11846","Rangers","CF","52","","-0.245283752679825","-0.2"
"Chris Parmelee","2554","Twins","1B/RF","210","","-0.249606907367706","-0.2"
"Victor Marte","5158","Cardinals","P","","40.1","-0.249670580029488","-0.2"
"Taylor Green","9147","Brewers","1B/3B","117","","-0.25081941485405","-0.3"
"Blake Tekotte","8810","Padres","RF/CF/LF","15","","-0.252224147319794","-0.3"
"Shane Loux","1613","Giants","P","","25.1","-0.242730543017387","-0.3"
"Blake Parker","5224","Cubs","P","","6.0","-0.256126075983047","-0.3"
"Roberto Hernandez","3273","Indians","P","","14.1","-0.259674936532974","-0.3"
"Munenori Kawasaki","13047","Mariners","SS","115","","-0.260038733482361","-0.3"
"Jose Tabata","2411","Pirates","RF/LF","374","","-0.261082172393799","-0.3"
"Conor Gillaspie","9009","Giants","3B","20","","-0.263038516044617","-0.3"
"Chris Carpenter","8556","Red Sox","P","","6.0","-0.265309274196625","-0.3"
"Evan Crawford","7249","Blue Jays","P","","8.0","-0.266318142414093","-0.3"
"Geoff Blum","550","Diamondbacks","3B","31","","-0.266433835029602","-0.3"
"Luis Exposito","4398","Orioles","C","22","","-0.267936855554581","-0.3"
"Joel Hanrahan","2186","Pirates","P","","59.2","-0.268506497144699","-0.3"
"Jeff Clement","4652","Pirates","1B","24","","-0.269583463668823","-0.3"
"Clayton Mortensen","3166","Red Sox","P","","42.0","-0.258799999952316","-0.3"
"Stephen Pryor","10663","Mariners","P","","23.0","-0.272905260324478","-0.3"
"Ramon Santiago","1417","Tigers","2B","259","","-0.27323642373085","-0.3"
"Eric Sogard","7927","Athletics","3B/SS","108","","-0.273484021425247","-0.3"
"Gaby Sanchez","3361","- - -","1B","326","","-0.273520469665527","-0.3"
"Omir Santos","3583","Tigers","C","10","","-0.278977692127228","-0.3"
"Moises Sierra","6050","Blue Jays","RF","157","","-0.279170840978622","-0.3"
"Tyler Skaggs","10190","Diamondbacks","P","","29.1","-0.161919668316841","-0.3"
"Trayvon Robinson","9875","Mariners","LF","164","","-0.283968657255173","-0.3"
"Jason Giambi","818","Rockies","1B/DH","113","","-0.285895705223084","-0.3"
"Joe Paterson","2565","Diamondbacks","P","","2.2","-0.287356317043304","-0.3"
"Mitch Maier","5588","Royals","CF","74","","-0.293131500482559","-0.3"
"Aaron Laffey","6248","Blue Jays","P","","100.2","-0.280280590057373","-0.3"
"Matt Carson","4748","Twins","RF/LF","69","","-0.29355987906456","-0.3"
"Takashi Saito","6021","Diamondbacks","P","","12.0","-0.296158701181412","-0.3"
"Hector Noesi","3292","Mariners","P","","106.2","-0.39926615357399","-0.3"
"Jean Segura","5933","- - -","SS","166","","-0.297651257365942","-0.3"
"Jason Isringhausen","1158","Angels","P","","45.2","-0.299473434686661","-0.3"
"Johnny Damon","185","Indians","LF","224","","-0.299522429704666","-0.3"
"David Carpenter","9244","Angels","P","","39.2","-0.300551652908325","-0.3"
"J.D. Martinez","6184","Astros","LF","439","","-0.30323138833046","-0.3"
"Anthony Recker","4063","- - -","C","58","","-0.307683303952217","-0.3"
"Jesse Chavez","5448","- - -","P","","24.2","-0.275319553911686","-0.3"
"Orlando Hudson","1307","- - -","2B/3B","283","","-0.313775293529034","-0.3"
"Casey Coleman","8270","Cubs","P","","24.1","-0.34855705499649","-0.3"
"Charlie Culberson","3298","Giants","2B","23","","-0.316889941692352","-0.3"
"Luis Jimenez","2602","Mariners","DH","18","","-0.318689942359924","-0.3"
"Juan Perez","2557","Brewers","P","","7.0","-0.309189826250076","-0.3"
"Drew Sutton","7430","- - -","3B/LF","130","","-0.324817106127739","-0.3"
"Ryan Mattheus","7169","Nationals","P","","66.1","-0.312899172306061","-0.3"
"Kerry Wood","304","Cubs","P","","8.2","-0.313323885202408","-0.3"
"Kyle Weiland","7874","Astros","P","","17.2","-0.250188708305359","-0.3"
"Eduardo Sanchez","2966","Cardinals","P","","15.0","-0.329284131526947","-0.3"
"Koyie Hill","1829","Cubs","C","39","","-0.330249845981598","-0.3"
"J.C. Romero","754","- - -","P","","12.0","-0.330306343734264","-0.3"
"Alex Liddi","5411","Mariners","3B","126","","-0.332053124904633","-0.3"
"Brayan Pena","3231","Royals","C","226","","-0.334592819213867","-0.3"
"Thomas Neal","9461","Indians","RF/LF","24","","-0.336836576461792","-0.3"
"Yorvit Torrealba","1135","- - -","C","218","","-0.337789472192526","-0.3"
"Adrian Cardenas","9514","Cubs","2B","67","","-0.338696539402008","-0.3"
"Dan Wheeler","120","Indians","P","","12.1","-0.340523332357407","-0.3"
"Edwar Cabrera","9211","Rockies","P","","5.2","-0.32824969291687","-0.3"
"Matt Adams","9393","Cardinals","1B","91","","-0.343802213668823","-0.3"
"Jose Lopez","3114","- - -","3B","248","","-0.344453580677509","-0.3"
"Rich Thompson","1883","Rays","CF/LF","24","","-0.346105068922043","-0.3"
"Dan Jennings","8073","Marlins","P","","19.0","-0.334439873695374","-0.3"
"Everett Teaford","3732","Royals","P","","61.1","-0.347685247659683","-0.3"
"Philip Humber","8586","White Sox","P","","102.0","-0.361868530511856","-0.4"
"Robert Andino","4900","Orioles","2B","431","","-0.352811574935913","-0.4"
"Tommy Hanson","9129","Braves","P","","174.2","0.193771481513977","-0.4"
"Chien-Ming Wang","2074","Nationals","P","","32.1","-0.430261373519897","-0.4"
"Nyjer Morgan","4885","Brewers","RF/CF","322","","-0.359111249446869","-0.4"
"Jason Donald","9331","Indians","3B","135","","-0.360371828079224","-0.4"
"Jason Bourgeois","2225","Royals","CF","66","","-0.360514491796494","-0.4"
"Blake DeWitt","7485","Cubs","2B","30","","-0.366578072309494","-0.4"
"Matt Downs","957","Astros","1B/3B","191","","-0.369780212640762","-0.4"
"Chris Schwinden","7851","Mets","P","","8.2","-0.398901104927063","-0.4"
"Daisuke Matsuzaka","7775","Red Sox","P","","45.2","-0.350876331329346","-0.4"
"Drew Butera","3411","Twins","C","122","","-0.376218140125275","-0.4"
"Dan Straily","9460","Athletics","P","","39.1","-0.377258151769638","-0.4"
"Ryan Wheeler","9312","Diamondbacks","3B","119","","-0.378646701574326","-0.4"
"Ben Francisco","4677","- - -","RF/LF","207","","-0.380514949560165","-0.4"
"Miles Mikolas","9803","Padres","P","","32.1","-0.346127390861511","-0.4"
"Matt Guerrier","2061","Dodgers","P","","14.0","-0.38434836268425","-0.4"
"Henry Rodriguez","6371","Nationals","P","","29.1","-0.385566920042038","-0.4"
"Jeff Beliveau","8504","Cubs","P","","17.2","-0.387061208486557","-0.4"
"Brian Dozier","9810","Twins","SS","340","","-0.392386883497238","-0.4"
"Yamaico Navarro","5665","Pirates","LF","56","","-0.393308103084564","-0.4"
"Rhiner Cruz","711","Astros","P","","55.0","-0.381278872489929","-0.4"
"Mike Costanzo","3533","Reds","1B/DH","21","","-0.394947618246078","-0.4"
"Taylor Teagarden","5199","Orioles","C","64","","-0.398889869451523","-0.4"
"Chris Herrmann","9284","Twins","C/LF","19","","-0.39909228682518","-0.4"
"Tyler Thornburg","10688","Brewers","P","","22.0","-0.440127223730087","-0.4"
"Cesar Izturis","656","- - -","SS","173","","-0.406337380409241","-0.4"
"Will Ohman","296","White Sox","P","","26.2","-0.406980961561203","-0.4"
"Tommy Hunter","1157","Orioles","P","","133.2","-0.382428020238876","-0.4"
"Aaron Cook","1571","Red Sox","P","","94.0","-0.407638370990753","-0.4"
"Erik Komatsu","8039","- - -","RF/CF","58","","-0.409141033887863","-0.4"
"Steve Tolleson","4450","Orioles","3B","76","","-0.411408305168152","-0.4"
"Chad Qualls","2170","- - -","P","","52.1","-0.411973442882299","-0.4"
"J.P. Howell","8245","Rays","P","","50.1","-0.415182113647461","-0.4"
"Manny Acosta","8725","Mets","P","","47.1","-0.420298308134079","-0.4"
"Luis Martinez","2481","Rangers","C","19","","-0.421456307172775","-0.4"
"Brooks Raley","10061","Cubs","P","","24.1","-0.440815806388855","-0.4"
"Mike Nickeas","7419","Mets","C","122","","-0.425739496946335","-0.4"
"Daniel Schlereth","8739","Tigers","P","","7.0","-0.42903807759285","-0.4"
"Santiago Casilla","2873","Giants","P","","63.1","-0.469984143972397","-0.4"
"Jordan Schafer","9883","Astros","CF","360","","-0.44284462928772","-0.4"
"Brad Penny","535","Giants","P","","28.0","-0.43130350112915","-0.4"
"Rob Johnson","8029","Mets","C","58","","-0.476511538028717","-0.4"
"Brian Sanches","2739","Phillies","P","","6.1","-0.436853885650635","-0.4"
"Brent Lillibridge","3501","- - -","PH/PR","209","","-0.459947645664215","-0.5"
"Brian Fuentes","429","- - -","P","","30.0","-0.462273247539997","-0.5"
"Brian Bogusevic","4719","Astros","RF","404","","-0.412687510251999","-0.5"
"Paul Janish","7412","Braves","SS","186","","-0.467372596263886","-0.5"
"Tsuyoshi Nishioka","11531","Twins","2B","14","","-0.470497936010361","-0.5"
"Miguel Batista","46","- - -","P","","52.2","-0.389855608344078","-0.5"
"Matt Diaz","1771","Braves","LF","118","","-0.477094173431396","-0.5"
"Chuckie Fick","7978","- - -","P","","24.2","-0.481046547181904","-0.5"
"Matt Albers","4300","- - -","P","","60.1","-0.483439225703478","-0.5"
"Blake Lalli","9246","Cubs","C/1B","16","","-0.488326400518417","-0.5"
"Willie Harris","236","Reds","2B","48","","-0.488999545574188","-0.5"
"Ty Wigginton","1491","Phillies","1B","360","","-0.489074200391769","-0.5"
"Mark DeRosa","1392","Nationals","3B/LF","101","","-0.490931481122971","-0.5"
"Luke Hughes","4898","- - -","2B/3B","24","","-0.496371813118458","-0.5"
"Kip Wells","1012","Padres","P","","37.1","-0.476621091365814","-0.5"
"Brad Brach","6627","Padres","P","","66.2","-0.502960503101349","-0.5"
"Ryan Flaherty","7888","Orioles","2B","167","","-0.506641030311584","-0.5"
"Jake Elmore","7290","Diamondbacks","SS","73","","-0.508257329463959","-0.5"
"Josh Bell","2510","Diamondbacks","3B","56","","-0.512748301029205","-0.5"
"Collin Balester","6883","Tigers","P","","18.0","-0.525314629077911","-0.5"
"Gerald Laird","1698","Tigers","C","191","","-0.527467310428619","-0.5"
"Stephen Vogt","5000","Rays","C/DH","27","","-0.528999269008636","-0.5"
"Mike Olt","10698","Rangers","1B/3B","40","","-0.537752747535706","-0.5"
"Matt Treanor","2265","Dodgers","C","122","","-0.539556205272675","-0.5"
"Tony Gwynn","6141","Dodgers","CF/LF","277","","-0.542843401432037","-0.5"
"Aaron Cunningham","4087","Indians","LF","109","","-0.544148325920105","-0.5"
"Ronny Paulino","2129","Orioles","C/DH","64","","-0.545653402805328","-0.5"
"Joel Carreno","2746","Blue Jays","P","","22.0","-0.543321132659912","-0.6"
"Jair Jurrjens","5556","Braves","P","","48.1","-0.50005716085434","-0.6"
"Manny Corpas","2807","Cubs","P","","46.2","-0.551046848297119","-0.6"
"Steve Clevenger","9542","Cubs","C","215","","-0.565237581729889","-0.6"
"Wilin Rosario","8002","Rockies","C","426","","-0.567384779453278","-0.6"
"Scott Cousins","173","Marlins","RF/CF","92","","-0.577415764331818","-0.6"
"Marwin Gonzalez","5497","Astros","SS","219","","-0.581823945045471","-0.6"
"Brooks Conrad","3664","- - -","2B/3B","105","","-0.585225760936737","-0.6"
"Justin Christian","8297","Giants","RF/LF","61","","-0.598834335803986","-0.6"
"Marc Rzepczynski","6612","Cardinals","P","","46.2","-0.60725349187851","-0.6"
"Clay Hensley","4593","Giants","P","","50.2","-0.598206758499146","-0.6"
"Dallas Keuchel","9434","Astros","P","","85.1","-0.542587280273438","-0.6"
"Johnny Giavotella","6740","Royals","2B","189","","-0.641523838043213","-0.6"
"Michael Martinez","7358","Phillies","2B","122","","-0.656993210315704","-0.7"
"Lucas Duda","2502","Mets","RF","459","","-0.65731406211853","-0.7"
"Bill Bray","8538","Reds","P","","8.2","-0.661646544933319","-0.7"
"Armando Galarraga","4222","Astros","P","","24.0","-0.570831477642059","-0.7"
"Jeff Baker","2073","- - -","1B/RF","201","","-0.67449826747179","-0.7"
"Jack Wilson","1017","Braves","SS","77","","-0.684141874313354","-0.7"
"Josh Lindblom","7882","- - -","P","","71.0","-0.700443893671036","-0.7"
"Brennan Boesch","914","Tigers","RF","503","","-0.704901397228241","-0.7"
"Chad Durbin","1442","Braves","P","","61.0","-0.710795104503632","-0.7"
"Jason Bartlett","8219","Padres","SS","98","","-0.715083718299866","-0.7"
"Nick Blackburn","4270","Twins","P","","98.2","-0.701270818710327","-0.7"
"Greg Dobbs","2158","Marlins","3B","342","","-0.726133823394775","-0.7"
"Daniel Bard","7115","Red Sox","P","","59.1","-0.719250500202179","-0.7"
"Brent Morel","6402","White Sox","3B","125","","-0.745921075344086","-0.7"
"Rafael Dolis","4185","Cubs","P","","38.0","-0.749603390693665","-0.7"
"Jonathan Sanchez","7507","- - -","P","","64.2","-0.680620148777962","-0.7"
"Lou Marson","7610","Indians","C","235","","-0.755474209785461","-0.8"
"Bobby Cassevah","6950","Angels","P","","5.0","-0.771258890628815","-0.8"
"Jeff Gray","7718","Twins","P","","52.0","-0.78555703163147","-0.8"
"Don Kelly","2216","Tigers","RF","127","","-0.787634313106537","-0.8"
"Justin Smoak","9054","Mariners","1B","535","","-0.798620462417603","-0.8"
"Tyler Pastornicky","6777","Braves","SS","188","","-0.798888087272644","-0.8"
"Jimmy Paredes","5481","Astros","RF","82","","-0.818790793418884","-0.8"
"Francisco Cordero","1243","- - -","P","","39.1","-0.824032992124558","-0.8"
"Logan Ondrusek","3677","Reds","P","","54.2","-0.827377676963806","-0.8"
"Ervin Santana","3200","Angels","P","","178.0","-0.76944887638092","-0.8"
"Eric Thames","3711","- - -","RF/LF","290","","-0.835779502987862","-0.8"
"Kurt Suzuki","8259","- - -","C","442","","-0.84564221650362","-0.8"
"Chone Figgins","1580","Mariners","LF","194","","-0.852573037147522","-0.9"
"Ryan Howard","2154","Phillies","1B","292","","-0.853805422782898","-0.9"
"Omar Vizquel","411","Blue Jays","2B/3B","163","","-0.857378125190735","-0.9"
"Endy Chavez","768","Orioles","RF/LF","169","","-0.86617511510849","-0.9"
"Yuniesky Betancourt","8585","Royals","2B","228","","-0.884224414825439","-0.9"
"Bryan Petersen","2567","Marlins","CF/LF","273","","-0.891289234161377","-0.9"
"Zach Stewart","7397","- - -","P","","35.2","-0.89211243391037","-0.9"
"Jason Bay","1717","Mets","LF","215","","-0.894193828105927","-0.9"
"John Hester","877","Angels","C","95","","-0.902747571468353","-0.9"
"Livan Hernandez","1116","- - -","P","","67.1","-0.916021913290024","-0.9"
"Alex Hinshaw","3941","- - -","P","","28.1","-0.917075723409653","-0.9"
"Brian Roberts","166","Orioles","2B","74","","-0.931477010250092","-0.9"
"Juan Rivera","843","Dodgers","1B/LF","339","","-0.935385286808014","-0.9"
"Emmanuel Burriss","2917","Giants","2B","150","","-0.941788971424103","-0.9"
"Brett Hayes","4293","Marlins","C","118","","-0.956528961658478","-1.0"
"Eric Hinske","1305","Braves","1B","147","","-0.971453368663788","-1.0"
"Ryan Kalish","6962","Red Sox","RF/CF","103","","-1.00177502632141","-1.0"
"James Loney","4556","- - -","1B","465","","-1.00735193490982","-1.0"
"Hideki Matsui","1659","Rays","LF/DH","103","","-1.017897605896","-1.0"
"Matt McBride","9373","Rockies","1B/RF","81","","-1.03505837917328","-1.0"
"Miguel Olivo","1638","Mariners","C","323","","-1.0571722984314","-1.1"
"Marlon Byrd","950","- - -","CF","153","","-1.0608945786953","-1.1"
"Jeff Francoeur","4792","Royals","RF","603","","-1.07544565200806","-1.1"
"Miguel Cairo","1412","Reds","1B/3B","156","","-1.08614039421082","-1.1"
"Danny Valencia","6364","- - -","3B","161","","-1.10346311330795","-1.1"
"Delmon Young","2140","Tigers","DH","608","","-1.14298808574677","-1.1"
"Xavier Nady","1658","- - -","RF/LF","166","","-1.14364739507437","-1.1"
"Joe Mather","3714","Cubs","CF/LF","243","","-1.18061196804047","-1.2"
"Wilson Valdez","1863","Reds","2B/SS","208","","-1.21458113193512","-1.2"
"Ryan Doumit","2113","Twins","C/DH","528","","-1.24302661418915","-1.2"
"Ramon Hernandez","918","Rockies","C","196","","-1.31313514709473","-1.3"
"Dee Gordon","8203","Dodgers","SS","330","","-1.31456327438354","-1.3"
"Eric Hosmer","3516","Royals","1B","598","","-1.34586536884308","-1.3"
"Jesus Montero","5514","Mariners","C/DH","553","","-1.36013376712799","-1.4"
"Chris Coghlan","6878","Marlins","CF/LF","105","","-1.39233720302582","-1.4"
"Josh Vitters","4623","Cubs","3B","109","","-1.40134358406067","-1.4"
"Casey Kotchman","1930","Indians","1B","500","","-1.40496802330017","-1.4"
"Ryan Raburn","2218","Tigers","2B/RF/LF","222","","-1.43741023540497","-1.4"
"Ryan Lavarnway","8879","Red Sox","C/DH","166","","-1.52769577503204","-1.5"
"Michael Young","1286","Rangers","1B/DH","651","","-1.54494404792786","-1.5"
"Nick Hundley","3376","Padres","C","225","","-1.70475876331329","-1.7"
"Rod Barajas","45","Pirates","C","361","","-2.41867280006409","-2.4"
